index,data_center_url,IP,probe_id
0,https://ams-nl-ping.vultr.com,108.61.198.102,"[1000559, 21529, 1004600, 18833, 50852, 53829, 54080, 52028, 55739, 61316, 1003341, 1006934, 55619, 50927, 16601, 32378, 1001151, 55404, 1006936, 1007500, 11268, 60345, 32006, 34009, 1000068, 1004628, 23835, 1005913, 1002758, 22585, 1005072, 34882, 21286, 51136, 26057, 53870, 35462, 1005408, 34648, 50705, 28126, 1004198, 55036, 27411, 50612, 20102, 28088, 50081, 15644, 22394, 1006857, 61241, 20544, 1005817, 53852, 26380, 13040, 62953, 1006388, 11585, 1001356, 54837, 35681, 62843, 16869, 1004353, 1004353, 1004353, 1004353, 1004353, 1004353, 1004353, 1004353, 1004353, 1004353, 1004353, 1004353, 1004353, 1004353, 1004353, 1004353, 1004353, 1004353, 1004353, 1004353, 1004353, 1004353, 1004353, 1004353, 1004353, 1004353, 1004353, 1004353, 1004353, 1004353, 1004353, 1004353, 1004353, 1004353, 1004353, 1004353, 1004353, 1004353, 1004353, 1004353, 1004353, 1004353, 1004353, 1004353, 1004353, 1004353, 1004353, 1004353, 1004353, 1004353, 1004353, 1004353, 1004353, 1004353, 1004353, 1004353, 1004353, 1004353, 1004353, 1004353, 1004353, 1004353, 1004353, 1004353, 1004353, 1004353, 1004353, 1004353]"
1,https://ec2.af-south-1.amazonaws.com/ping,99.78.136.92,[1000327]
2,https://ec2.ap-east-1.amazonaws.com/ping,13.248.36.100,"[1005846, 1005856, 1006477, 1004353]"
3,https://ec2.ap-northeast-1.amazonaws.com/ping,99.77.62.126,"[52844, 1005958, 17789]"
4,https://ec2.ap-northeast-2.amazonaws.com/ping,52.95.193.80,"[52844, 1005958, 54789, 17789]"
5,https://ec2.ap-northeast-3.amazonaws.com/ping,13.248.4.70,"[52844, 1005958, 17789]"
6,https://ec2.ap-south-1.amazonaws.com/ping,52.95.84.21,"[1006833, 17590]"
7,https://ec2.ap-southeast-1.amazonaws.com/ping,15.221.12.228,"[35507, 1005856, 54524]"
8,https://ec2.ap-southeast-2.amazonaws.com/ping,99.83.81.36,"[27989, 1001185, 1004453, 52918, 19983, 1004353, 1004353, 1004353]"
9,https://ec2.ap-southeast-3.amazonaws.com/ping,99.78.244.123,"[35507, 54524, 52918]"
10,https://ec2.ca-central-1.amazonaws.com/ping,52.94.100.54,"[29049, 51025, 1002493, 23016, 1003040, 62613, 63017, 62417, 62390, 50017, 50300, 54330, 55492, 52422, 61631, 61081, 1005302, 61532, 1004232, 61780, 61435, 62553, 61899, 1004353, 1004353, 1004353]"
11,https://ec2.eu-central-1.amazonaws.com/ping,52.94.138.238,"[1000559, 21529, 1004600, 18833, 50852, 53829, 54080, 52028, 55739, 61316, 1003341, 1006934, 55619, 50927, 16601, 32378, 1001151, 55404, 1006936, 1007500, 11268, 60345, 32006, 34009, 1000068, 1004628, 23835, 1005913, 1002758, 22585, 1005072, 34882, 21286, 3028, 51136, 26057, 53870, 35462, 1005408, 34648, 50705, 28126, 1004198, 55036, 27411, 50612, 20102, 28088, 50081, 15644, 22394, 1000551, 1006857, 61241, 20544, 1005817, 53852, 26380, 13040, 62953, 1006388, 11585, 1001356, 54837, 35681, 62843, 16869, 1004353, 1004353, 1004353, 1004353, 1004353, 1004353, 1004353, 1004353, 1004353, 1004353, 1004353, 1004353, 1004353, 1004353, 1004353, 1004353, 1004353, 1004353, 1004353, 1004353, 1004353, 1004353, 1004353, 1004353, 1004353, 1004353, 1004353, 1004353, 1004353, 1004353, 1004353, 1004353, 1004353, 1004353, 1004353, 1004353, 1004353, 1004353, 1004353, 1004353, 1004353, 1004353, 1004353, 1004353, 1004353, 1004353, 1004353, 1004353, 1004353, 1004353, 1004353, 1004353, 1004353, 1004353, 1004353, 1004353, 1004353, 1004353, 1004353, 1004353, 1004353, 1004353, 1004353, 1004353, 1004353, 1004353, 1004353, 1004353, 1004353]"
12,https://ec2.eu-north-1.amazonaws.com/ping,52.46.196.96,"[1000559, 21529, 14723, 1004600, 50852, 53829, 54080, 52028, 55739, 61316, 1003341, 1006934, 55619, 50927, 16601, 32378, 1001151, 55404, 1006936, 1007500, 11268, 60345, 32006, 34009, 1000068, 1004628, 23835, 1005913, 1002758, 22585, 1005072, 50024, 34882, 21286, 51136, 26057, 53870, 35462, 1005408, 50705, 28126, 1004198, 55036, 50612, 20102, 28088, 50081, 15644, 22394, 1006857, 61241, 20544, 1005817, 53852, 26380, 13040, 62953, 1006388, 11585, 1001356, 54837, 35681, 16869, 1004353, 1004353, 1004353, 1004353, 1004353, 1004353, 1004353, 1004353, 1004353, 1004353, 1004353, 1004353, 1004353, 1004353, 1004353, 1004353, 1004353, 1004353, 1004353, 1004353, 1004353, 1004353, 1004353, 1004353, 1004353, 1004353, 1004353, 1004353, 1004353, 1004353, 1004353, 1004353, 1004353, 1004353, 1004353, 1004353, 1004353, 1004353, 1004353, 1004353, 1004353, 1004353, 1004353, 1004353, 1004353, 1004353, 1004353, 1004353, 1004353, 1004353, 1004353, 1004353, 1004353, 1004353, 1004353, 1004353, 1004353, 1004353, 1004353, 1004353, 1004353, 1004353, 1004353, 1004353, 1004353, 1004353, 1004353, 1004353, 1004353, 1004353, 1004353, 1004353, 1004353]"
13,https://ec2.eu-south-1.amazonaws.com/ping,52.119.132.74,"[1000559, 21529, 1004600, 18833, 50852, 53829, 54080, 52028, 55739, 61316, 1003341, 1006934, 55619, 50927, 16601, 32378, 1001151, 55404, 1006936, 1007500, 11268, 60345, 32006, 34009, 1000068, 1004628, 23835, 1005913, 1002758, 22585, 1005072, 34882, 21286, 3028, 51136, 26057, 53870, 35462, 1005408, 34648, 50705, 28126, 55036, 27411, 50612, 20102, 28088, 54804, 50081, 15644, 22394, 1000551, 1006857, 61241, 60549, 20544, 1005817, 53852, 26380, 13040, 62953, 1006388, 11585, 1001356, 54837, 35681, 62843, 16869, 1004353, 1004353, 1004353, 1004353, 1004353, 1004353, 1004353, 1004353, 1004353, 1004353, 1004353, 1004353, 1004353, 1004353, 1004353, 1004353, 1004353, 1004353, 1004353, 1004353, 1004353, 1004353, 1004353, 1004353, 1004353, 1004353, 1004353, 1004353, 1004353, 1004353, 1004353, 1004353, 1004353, 1004353, 1004353, 1004353, 1004353, 1004353, 1004353, 1004353, 1004353, 1004353, 1004353, 1004353, 1004353, 1004353, 1004353, 1004353, 1004353, 1004353, 1004353, 1004353, 1004353, 1004353, 1004353, 1004353, 1004353, 1004353, 1004353, 1004353, 1004353, 1004353, 1004353, 1004353, 1004353, 1004353, 1004353, 1004353, 1004353]"
14,https://ec2.eu-west-1.amazonaws.com/ping,54.239.37.252,"[21529, 1004600, 18833, 50852, 54080, 52028, 55739, 61316, 1003341, 55619, 50927, 32378, 1001151, 55404, 1007500, 11268, 60345, 32006, 34009, 1000068, 1004628, 23835, 1005913, 1002758, 22585, 1005072, 34882, 21286, 51136, 26057, 53870, 1005408, 34648, 50705, 1004198, 55036, 50612, 28088, 50081, 15644, 22394, 1006857, 61241, 20544, 1005817, 53852, 26380, 13040, 62953, 1006388, 11585, 1001356, 54837, 35681, 62843, 16869, 1004353, 1004353, 1004353, 1004353, 1004353, 1004353, 1004353, 1004353, 1004353, 1004353, 1004353, 1004353, 1004353, 1004353, 1004353, 1004353, 1004353, 1004353, 1004353, 1004353, 1004353, 1004353, 1004353, 1004353, 1004353, 1004353, 1004353, 1004353, 1004353, 1004353, 1004353, 1004353, 1004353, 1004353, 1004353, 1004353, 1004353, 1004353, 1004353, 1004353, 1004353, 1004353, 1004353, 1004353, 1004353, 1004353, 1004353, 1004353, 1004353, 1004353, 1004353, 1004353, 1004353, 1004353, 1004353, 1004353, 1004353, 1004353, 1004353]"
15,https://ec2.eu-west-2.amazonaws.com/ping,52.94.48.63,"[21529, 1004600, 18833, 50852, 54080, 52028, 55739, 61316, 1003341, 1006934, 55619, 50927, 16601, 32378, 1001151, 55404, 1007500, 11268, 60345, 32006, 34009, 1000068, 1004628, 23835, 1005913, 1002758, 22585, 1005072, 34882, 21286, 51136, 26057, 53870, 1005408, 34648, 50705, 1004198, 55036, 27411, 50612, 20102, 28088, 50081, 15644, 22394, 1006857, 61241, 20544, 1005817, 53852, 26380, 13040, 62953, 1006388, 11585, 1001356, 54837, 35681, 62843, 16869, 1004353, 1004353, 1004353, 1004353, 1004353, 1004353, 1004353, 1004353, 1004353, 1004353, 1004353, 1004353, 1004353, 1004353, 1004353, 1004353, 1004353, 1004353, 1004353, 1004353, 1004353, 1004353, 1004353, 1004353, 1004353, 1004353, 1004353, 1004353, 1004353, 1004353, 1004353, 1004353, 1004353, 1004353, 1004353, 1004353, 1004353, 1004353, 1004353, 1004353, 1004353, 1004353, 1004353, 1004353, 1004353, 1004353, 1004353, 1004353, 1004353, 1004353, 1004353, 1004353, 1004353, 1004353, 1004353, 1004353, 1004353, 1004353, 1004353]"
16,https://ec2.eu-west-3.amazonaws.com/ping,52.46.68.57,"[1000559, 21529, 1004600, 18833, 50852, 53829, 54080, 52028, 55739, 61316, 1003341, 1006934, 55619, 50927, 16601, 32378, 1001151, 55404, 1007500, 11268, 60345, 32006, 34009, 1000068, 1004628, 23835, 1005913, 1002758, 22585, 1005072, 34882, 52640, 21286, 51136, 26057, 53870, 1005408, 34648, 50705, 28126, 1004198, 55036, 27411, 50612, 20102, 28088, 50081, 15644, 22394, 1006857, 60797, 61241, 20544, 1005817, 53852, 26380, 13040, 62953, 1006388, 11585, 1001356, 54837, 35681, 62843, 16869, 1004353, 1004353, 1004353, 1004353, 1004353, 1004353, 1004353, 1004353, 1004353, 1004353, 1004353, 1004353, 1004353, 1004353, 1004353, 1004353, 1004353, 1004353, 1004353, 1004353, 1004353, 1004353, 1004353, 1004353, 1004353, 1004353, 1004353, 1004353, 1004353, 1004353, 1004353, 1004353, 1004353, 1004353, 1004353, 1004353, 1004353, 1004353, 1004353, 1004353, 1004353, 1004353, 1004353, 1004353, 1004353, 1004353, 1004353, 1004353, 1004353, 1004353, 1004353, 1004353, 1004353, 1004353, 1004353, 1004353, 1004353, 1004353, 1004353, 1004353, 1004353]"
17,https://ec2.me-south-1.amazonaws.com/ping,99.82.128.102,"[30596, 53569, 27119, 30952, 31159, 20948]"
18,https://ec2.sa-east-1.amazonaws.com/ping,177.72.245.165,"[24628, 1006110, 863, 1004353, 1004353]"
19,https://ec2.us-east-1.amazonaws.com/ping,209.54.181.135,"[29049, 24908, 51025, 32, 1002493, 1002768, 23016, 1002626, 1003040, 61868, 1002591, 62613, 63017, 60929, 62417, 50017, 54330, 50448, 52422, 62911, 61631, 62741, 62083, 62498, 61081, 1005302, 61532, 28221, 1004232, 61780, 61435, 23127, 62553, 61899, 1004353, 1004353, 1004353, 1004353, 1004353, 1004353, 1004353, 1004353, 1004353, 1004353]"
20,https://ec2.us-east-2.amazonaws.com/ping,99.78.180.181,"[29049, 24908, 51025, 32, 1002493, 1002768, 23016, 1002626, 1003040, 61868, 1002591, 62613, 63017, 60929, 62417, 50017, 54330, 50448, 52422, 62911, 61631, 62741, 62083, 62498, 61081, 1005302, 61532, 28221, 1004232, 61780, 61435, 23127, 62553, 61899, 1004353, 1004353, 1004353, 1004353, 1004353, 1004353, 1004353, 1004353, 1004353, 1004353]"
21,https://ec2.us-west-1.amazonaws.com/ping,176.32.118.30,"[29049, 24908, 51025, 32, 1002493, 1002768, 1002626, 1003040, 61868, 1002591, 62613, 63017, 60929, 62417, 62390, 50017, 54330, 55492, 50448, 52422, 62911, 62741, 62083, 62498, 61081, 1005302, 61532, 28221, 1004232, 61780, 23127, 62553, 61899, 1004353, 1004353, 1004353, 1004353, 1004353, 1004353, 1004353, 1004353, 1004353, 1004353]"
22,https://ec2.us-west-2.amazonaws.com/ping,52.94.181.41,"[29049, 24908, 51025, 32, 1002493, 1002768, 1002626, 1003040, 61868, 1002591, 62613, 63017, 60929, 62417, 62390, 50017, 54330, 55492, 50448, 52422, 62911, 62741, 62083, 62498, 61081, 1005302, 61532, 28221, 1004232, 61780, 23127, 62553, 61899, 1004353, 1004353, 1004353, 1004353, 1004353, 1004353, 1004353, 1004353, 1004353, 1004353]"
23,https://feitsui-bjs.cn-bj.ufileos.com/ping.html,117.50.123.23,"[1005958, 54789]"
24,https://feitsui-bkk-1251417183.cos.ap-bangkok.myqcloud.com/ping.html,43.128.193.10,"[1005856, 54524]"
25,https://feitsui-bkk.oss-ap-southeast-7.aliyuncs.com/ping.html,8.213.160.102,"[1005856, 54524]"
26,https://feitsui-bom-1251417183.cos.ap-mumbai.myqcloud.com/ping.html,101.32.231.193,"[1006833, 17590]"
27,https://feitsui-bom.ind-mumbai.ufileos.com/ping.html,45.40.56.163,"[1006833, 17590]"
28,https://feitsui-bom.oss-ap-south-1.aliyuncs.com/ping.html,149.129.143.61,"[1006833, 17590]"
29,https://feitsui-can.cn-gd.ufileos.com/ping.html,106.75.183.117,"[1005958, 54789]"
30,https://feitsui-cgk-1251417183.cos.ap-jakarta.myqcloud.com/ping.html,43.129.45.113,"[35507, 54524, 52918]"
31,https://feitsui-cgk.idn-jakarta.ufileos.com/ping.html,152.32.152.149,"[35507, 54524, 52918]"
32,https://feitsui-cgk.oss-ap-southeast-5.aliyuncs.com/ping.html,149.129.200.34,"[35507, 54524, 52918]"
33,https://feitsui-dxb.oss-me-east-1.aliyuncs.com/ping.html,47.91.99.18,"[53569, 30952, 31159, 20948]"
34,https://feitsui-dxb.uae-dubai.ufileos.com/ping.html,23.248.184.33,"[53569, 30952, 31159, 20948]"
35,https://feitsui-fra-1251417183.cos.eu-frankfurt.myqcloud.com/ping.html,162.62.150.176,"[1000559, 21529, 1004600, 18833, 50852, 53829, 54080, 52028, 55739, 61316, 1003341, 1006934, 55619, 50927, 16601, 32378, 1001151, 55404, 1006936, 1007500, 11268, 60345, 32006, 34009, 1000068, 1004628, 23835, 1005913, 1002758, 22585, 1005072, 34882, 21286, 3028, 51136, 26057, 53870, 35462, 1005408, 34648, 50705, 28126, 1004198, 55036, 27411, 50612, 20102, 28088, 50081, 15644, 22394, 1000551, 1006857, 61241, 20544, 1005817, 53852, 26380, 13040, 62953, 1006388, 11585, 1001356, 54837, 35681, 62843, 16869, 1004353, 1004353, 1004353, 1004353, 1004353, 1004353, 1004353, 1004353, 1004353, 1004353, 1004353, 1004353, 1004353, 1004353, 1004353, 1004353, 1004353, 1004353, 1004353, 1004353, 1004353, 1004353, 1004353, 1004353, 1004353, 1004353, 1004353, 1004353, 1004353, 1004353, 1004353, 1004353, 1004353, 1004353, 1004353, 1004353, 1004353, 1004353, 1004353, 1004353, 1004353, 1004353, 1004353, 1004353, 1004353, 1004353, 1004353, 1004353, 1004353, 1004353, 1004353, 1004353, 1004353, 1004353, 1004353, 1004353, 1004353, 1004353, 1004353, 1004353, 1004353, 1004353, 1004353, 1004353, 1004353, 1004353, 1004353, 1004353, 1004353]"
36,https://feitsui-fra.ge-fra.ufileos.com/ping.html,128.14.225.21,"[1000559, 21529, 1004600, 18833, 50852, 53829, 54080, 52028, 55739, 61316, 1003341, 1006934, 55619, 50927, 16601, 32378, 1001151, 55404, 1006936, 1007500, 11268, 60345, 32006, 34009, 1000068, 1004628, 23835, 1005913, 1002758, 22585, 1005072, 34882, 21286, 3028, 51136, 26057, 53870, 35462, 1005408, 34648, 50705, 28126, 1004198, 55036, 27411, 50612, 20102, 28088, 50081, 15644, 22394, 1000551, 1006857, 61241, 20544, 1005817, 53852, 26380, 13040, 62953, 1006388, 11585, 1001356, 54837, 35681, 62843, 16869, 1004353, 1004353, 1004353, 1004353, 1004353, 1004353, 1004353, 1004353, 1004353, 1004353, 1004353, 1004353, 1004353, 1004353, 1004353, 1004353, 1004353, 1004353, 1004353, 1004353, 1004353, 1004353, 1004353, 1004353, 1004353, 1004353, 1004353, 1004353, 1004353, 1004353, 1004353, 1004353, 1004353, 1004353, 1004353, 1004353, 1004353, 1004353, 1004353, 1004353, 1004353, 1004353, 1004353, 1004353, 1004353, 1004353, 1004353, 1004353, 1004353, 1004353, 1004353, 1004353, 1004353, 1004353, 1004353, 1004353, 1004353, 1004353, 1004353, 1004353, 1004353, 1004353, 1004353, 1004353, 1004353, 1004353, 1004353, 1004353, 1004353]"
37,https://feitsui-fra.oss-eu-central-1.aliyuncs.com/ping.html,47.254.186.91,"[1000559, 21529, 1004600, 18833, 50852, 53829, 54080, 52028, 55739, 61316, 1003341, 1006934, 55619, 50927, 16601, 32378, 1001151, 55404, 1006936, 1007500, 11268, 60345, 32006, 34009, 1000068, 1004628, 23835, 1005913, 1002758, 22585, 1005072, 34882, 21286, 3028, 51136, 26057, 53870, 35462, 1005408, 34648, 50705, 28126, 1004198, 55036, 27411, 50612, 20102, 28088, 50081, 15644, 22394, 1000551, 1006857, 61241, 20544, 1005817, 53852, 26380, 13040, 62953, 1006388, 11585, 1001356, 54837, 35681, 62843, 16869, 1004353, 1004353, 1004353, 1004353, 1004353, 1004353, 1004353, 1004353, 1004353, 1004353, 1004353, 1004353, 1004353, 1004353, 1004353, 1004353, 1004353, 1004353, 1004353, 1004353, 1004353, 1004353, 1004353, 1004353, 1004353, 1004353, 1004353, 1004353, 1004353, 1004353, 1004353, 1004353, 1004353, 1004353, 1004353, 1004353, 1004353, 1004353, 1004353, 1004353, 1004353, 1004353, 1004353, 1004353, 1004353, 1004353, 1004353, 1004353, 1004353, 1004353, 1004353, 1004353, 1004353, 1004353, 1004353, 1004353, 1004353, 1004353, 1004353, 1004353, 1004353, 1004353, 1004353, 1004353, 1004353, 1004353, 1004353, 1004353, 1004353]"
38,https://feitsui-gru-1251417183.cos.sa-saopaulo.myqcloud.com/ping.html,43.135.205.247,"[24628, 1006110, 863, 1004353, 1004353]"
39,https://feitsui-gru.bra-saopaulo.ufileos.com/ping.html,172.96.124.47,"[24628, 1006110, 863, 1004353, 1004353]"
40,https://feitsui-hk.hk.ufileos.com/ping.html,123.58.223.81,"[1005846, 1005856, 1006477, 1004353]"
41,https://feitsui-hkg-1251417183.cos.ap-hongkong.myqcloud.com/ping.html,43.132.105.108,"[1005846, 1005856, 1006477, 1004353]"
42,https://feitsui-iad-1251417183.cos.na-ashburn.myqcloud.com/ping.html,49.51.77.119,"[29049, 24908, 51025, 32, 1002493, 1002768, 23016, 1002626, 1003040, 61868, 1002591, 62613, 63017, 60929, 62417, 50017, 54330, 50448, 52422, 62911, 61631, 62741, 62083, 62498, 61081, 1005302, 61532, 28221, 1004232, 61780, 61435, 23127, 62553, 61899, 1004353, 1004353, 1004353, 1004353, 1004353, 1004353, 1004353, 1004353, 1004353, 1004353]"
43,https://feitsui-icn-1251417183.cos.ap-seoul.myqcloud.com/ping.html,119.28.147.117,"[52844, 1005958, 54789, 17789]"
44,https://feitsui-icn.kr-seoul.ufileos.com/ping.html,165.154.85.11,"[52844, 1005958, 54789, 17789]"
45,https://feitsui-icn.oss-ap-northeast-2.aliyuncs.com/ping.html,149.129.12.59,"[52844, 1005958, 54789, 17789]"
46,https://feitsui-kul.oss-ap-southeast-3.aliyuncs.com/ping.html,47.254.218.26,"[35507, 1005856, 54524]"
47,https://feitsui-lax.us-ca.ufileos.com/ping.html,118.193.76.37,"[29049, 24908, 51025, 32, 1002493, 1002768, 1002626, 1003040, 61868, 1002591, 62613, 63017, 60929, 62417, 62390, 50017, 54330, 50448, 52422, 62911, 62741, 62083, 62498, 61081, 1005302, 61532, 28221, 1004232, 61780, 23127, 62553, 61899, 1004353, 1004353, 1004353, 1004353, 1004353, 1004353, 1004353, 1004353, 1004353, 1004353]"
48,https://feitsui-lhr.oss-eu-west-1.aliyuncs.com/ping.html,8.208.40.164,"[21529, 1004600, 18833, 50852, 54080, 52028, 55739, 61316, 1003341, 1006934, 55619, 50927, 16601, 32378, 1001151, 55404, 1007500, 11268, 60345, 32006, 34009, 1000068, 1004628, 23835, 1005913, 1002758, 22585, 1005072, 34882, 21286, 51136, 26057, 53870, 1005408, 34648, 50705, 1004198, 55036, 27411, 50612, 20102, 28088, 50081, 15644, 22394, 1006857, 61241, 20544, 1005817, 53852, 26380, 13040, 62953, 1006388, 11585, 1001356, 54837, 35681, 62843, 16869, 1004353, 1004353, 1004353, 1004353, 1004353, 1004353, 1004353, 1004353, 1004353, 1004353, 1004353, 1004353, 1004353, 1004353, 1004353, 1004353, 1004353, 1004353, 1004353, 1004353, 1004353, 1004353, 1004353, 1004353, 1004353, 1004353, 1004353, 1004353, 1004353, 1004353, 1004353, 1004353, 1004353, 1004353, 1004353, 1004353, 1004353, 1004353, 1004353, 1004353, 1004353, 1004353, 1004353, 1004353, 1004353, 1004353, 1004353, 1004353, 1004353, 1004353, 1004353, 1004353, 1004353, 1004353, 1004353, 1004353, 1004353, 1004353, 1004353]"
49,https://feitsui-los.afr-nigeria.ufileos.com/ping.html,23.248.185.157,"[60985, 15342]"
50,https://feitsui-mnl.oss-ap-southeast-6.aliyuncs.com/ping.html,8.212.139.140,"[1005846, 1006477, 1004353]"
51,https://feitsui-nrt-1251417183.cos.ap-tokyo.myqcloud.com/ping.html,43.128.240.52,"[52844, 1005958, 17789]"
52,https://feitsui-nrt.oss-ap-northeast-1.aliyuncs.com/ping.html,47.245.49.2,"[52844, 1005958, 17789]"
53,https://feitsui-sg.sg.ufileos.com/ping.html,104.218.162.29,"[35507, 1005856, 54524]"
54,https://feitsui-sgn.vn-sng.ufileos.com/ping.html,152.32.160.33,"[1005846, 35507, 1005856, 54524, 1006477, 1004353]"
55,https://feitsui-sha2.cn-sh2.ufileos.com/ping.html,106.75.208.25,"[1005958, 54789]"
56,https://feitsui-silicon-valley.oss-us-west-1.aliyuncs.com/ping.html,47.254.114.119,"[29049, 24908, 51025, 32, 1002493, 1002768, 1002626, 1003040, 61868, 1002591, 62613, 63017, 60929, 62417, 62390, 50017, 54330, 55492, 50448, 52422, 62911, 62741, 62083, 62498, 61081, 1005302, 61532, 28221, 1004232, 61780, 23127, 62553, 61899, 1004353, 1004353, 1004353, 1004353, 1004353, 1004353, 1004353, 1004353, 1004353, 1004353]"
57,https://feitsui-siliconvalley-1251417183.cos.na-siliconvalley.myqcloud.com/ping.html,170.106.97.195,"[29049, 24908, 51025, 32, 1002493, 1002768, 1002626, 1003040, 61868, 1002591, 62613, 63017, 60929, 62417, 62390, 50017, 54330, 55492, 50448, 52422, 62911, 62741, 62083, 62498, 61081, 1005302, 61532, 28221, 1004232, 61780, 23127, 62553, 61899, 1004353, 1004353, 1004353, 1004353, 1004353, 1004353, 1004353, 1004353, 1004353, 1004353]"
58,https://feitsui-sin-1251417183.cos.ap-singapore.myqcloud.com/ping.html,43.152.64.207,"[35507, 1005856, 54524]"
59,https://feitsui-sin.oss-ap-southeast-1.aliyuncs.com/ping.html,161.117.155.93,"[35507, 1005856, 54524]"
60,https://feitsui-syd.oss-ap-southeast-2.aliyuncs.com/ping.html,47.74.79.155,"[27989, 1001185, 1004453, 52918, 19983, 1004353, 1004353, 1004353]"
61,https://feitsui-tpe.tw-tp.ufileos.com/ping.html,152.32.231.7,"[1005846, 1005958, 17789, 1006477, 1004353]"
62,https://feitsui-virginia.oss-us-east-1.aliyuncs.com/ping.html,47.253.30.167,"[29049, 24908, 51025, 32, 1002493, 1002768, 23016, 1002626, 1003040, 61868, 1002591, 62613, 63017, 60929, 62417, 50017, 54330, 50448, 52422, 62911, 61631, 62741, 62083, 62498, 61081, 1005302, 61532, 28221, 1004232, 61780, 61435, 23127, 62553, 61899, 1004353, 1004353, 1004353, 1004353, 1004353, 1004353, 1004353, 1004353, 1004353, 1004353]"
63,https://feitsui-yto-1251417183.cos.na-toronto.myqcloud.com/ping.html,49.51.54.104,"[29049, 51025, 1002493, 23016, 1003040, 62613, 63017, 62417, 62390, 50017, 50300, 54330, 55492, 52422, 61631, 61081, 1005302, 61532, 1004232, 61780, 61435, 62553, 61899, 1004353, 1004353, 1004353]"
64,https://fl-us-ping.vultr.com,104.156.244.232,"[29049, 24908, 51025, 32, 1002493, 1002768, 1002626, 1003040, 61868, 1002591, 62613, 63017, 60929, 1005627, 62417, 50017, 18250, 54330, 50448, 52422, 62911, 62741, 62083, 62498, 61081, 1005302, 61532, 28221, 1004232, 61780, 23127, 62553, 61899, 1004353, 1004353, 1004353, 1004353, 1004353, 1004353, 1004353, 1004353, 1004353, 1004353]"
65,https://fra-de-ping.vultr.com,108.61.210.117,"[1000559, 21529, 1004600, 18833, 50852, 53829, 54080, 52028, 55739, 61316, 1003341, 1006934, 55619, 50927, 16601, 32378, 1001151, 55404, 1006936, 1007500, 11268, 60345, 32006, 34009, 1000068, 1004628, 23835, 1005913, 1002758, 22585, 1005072, 34882, 21286, 3028, 51136, 26057, 53870, 35462, 1005408, 34648, 50705, 28126, 1004198, 55036, 27411, 50612, 20102, 28088, 50081, 15644, 22394, 1000551, 1006857, 61241, 20544, 1005817, 53852, 26380, 13040, 62953, 1006388, 11585, 1001356, 54837, 35681, 62843, 16869, 1004353, 1004353, 1004353, 1004353, 1004353, 1004353, 1004353, 1004353, 1004353, 1004353, 1004353, 1004353, 1004353, 1004353, 1004353, 1004353, 1004353, 1004353, 1004353, 1004353, 1004353, 1004353, 1004353, 1004353, 1004353, 1004353, 1004353, 1004353, 1004353, 1004353, 1004353, 1004353, 1004353, 1004353, 1004353, 1004353, 1004353, 1004353, 1004353, 1004353, 1004353, 1004353, 1004353, 1004353, 1004353, 1004353, 1004353, 1004353, 1004353, 1004353, 1004353, 1004353, 1004353, 1004353, 1004353, 1004353, 1004353, 1004353, 1004353, 1004353, 1004353, 1004353, 1004353, 1004353, 1004353, 1004353, 1004353, 1004353, 1004353]"
66,https://ga-us-ping.vultr.com,108.61.193.166,"[29049, 24908, 51025, 32, 1002493, 1002768, 23016, 1002626, 1003040, 61868, 1002591, 62613, 63017, 60929, 62417, 50017, 54330, 50448, 52422, 62911, 61631, 62741, 62083, 62498, 61081, 1005302, 61532, 28221, 1004232, 61780, 61435, 23127, 62553, 61899, 1004353, 1004353, 1004353, 1004353, 1004353, 1004353, 1004353, 1004353, 1004353, 1004353]"
67,https://hnd-jp-ping.vultr.com,108.61.201.151,"[52844, 1005958, 17789]"
68,https://hon-hi-us-ping.vultr.com,208.72.154.76,"[29049, 24908, 51025, 32, 1002493, 1002768, 1002626, 1003040, 61868, 1002591, 62613, 63017, 60929, 62417, 50017, 54330, 50448, 52422, 62911, 62741, 62083, 62498, 61081, 1005302, 61532, 28221, 1004232, 61780, 23127, 62553, 61899, 1004353, 1004353, 1004353, 1004353, 1004353, 1004353, 1004353, 1004353, 1004353, 1004353]"
69,https://il-us-ping.vultr.com,107.191.51.12,"[29049, 24908, 51025, 32, 1002493, 1002768, 23016, 1002626, 1003040, 61868, 1002591, 62613, 63017, 60929, 62417, 50017, 54330, 50448, 52422, 62911, 61631, 62741, 62083, 62498, 61081, 1005302, 61532, 28221, 1004232, 61780, 61435, 23127, 62553, 61899, 1004353, 1004353, 1004353, 1004353, 1004353, 1004353, 1004353, 1004353, 1004353, 1004353]"
70,https://lax-ca-us-ping.vultr.com,108.61.219.200,"[29049, 24908, 51025, 32, 1002493, 1002768, 1002626, 1003040, 61868, 1002591, 62613, 63017, 60929, 62417, 62390, 50017, 54330, 50448, 52422, 62911, 62741, 62083, 62498, 61081, 1005302, 61532, 28221, 1004232, 61780, 23127, 62553, 61899, 1004353, 1004353, 1004353, 1004353, 1004353, 1004353, 1004353, 1004353, 1004353, 1004353]"
71,https://lon-gb-ping.vultr.com,108.61.196.101,"[21529, 1004600, 18833, 50852, 54080, 52028, 55739, 61316, 1003341, 1006934, 55619, 50927, 16601, 32378, 1001151, 55404, 1007500, 11268, 60345, 32006, 34009, 1000068, 1004628, 23835, 1005913, 1002758, 22585, 1005072, 34882, 21286, 51136, 26057, 53870, 1005408, 34648, 50705, 1004198, 55036, 27411, 50612, 20102, 28088, 50081, 15644, 22394, 1006857, 61241, 20544, 1005817, 53852, 26380, 13040, 62953, 1006388, 11585, 1001356, 54837, 35681, 62843, 16869, 1004353, 1004353, 1004353, 1004353, 1004353, 1004353, 1004353, 1004353, 1004353, 1004353, 1004353, 1004353, 1004353, 1004353, 1004353, 1004353, 1004353, 1004353, 1004353, 1004353, 1004353, 1004353, 1004353, 1004353, 1004353, 1004353, 1004353, 1004353, 1004353, 1004353, 1004353, 1004353, 1004353, 1004353, 1004353, 1004353, 1004353, 1004353, 1004353, 1004353, 1004353, 1004353, 1004353, 1004353, 1004353, 1004353, 1004353, 1004353, 1004353, 1004353, 1004353, 1004353, 1004353, 1004353, 1004353, 1004353, 1004353, 1004353, 1004353]"
72,https://mad-es-ping.vultr.com,208.76.222.30,"[21529, 1004600, 18833, 50852, 54080, 52028, 55739, 61316, 1003341, 55619, 32378, 1001151, 55404, 1007500, 11268, 60345, 32006, 34009, 1000068, 1004628, 23835, 1005913, 1002758, 22585, 1005072, 21286, 51136, 53870, 34648, 55036, 27411, 50612, 28088, 50081, 22394, 1006857, 61241, 1005817, 53852, 26380, 13040, 62953, 1006388, 1001356, 54837, 35681, 62843, 16869, 1004353, 1004353, 1004353, 1004353, 1004353, 1004353, 1004353, 1004353, 1004353, 1004353, 1004353, 1004353, 1004353, 1004353, 1004353, 1004353, 1004353, 1004353, 1004353, 1004353, 1004353, 1004353, 1004353, 1004353, 1004353, 1004353, 1004353, 1004353, 1004353, 1004353, 1004353, 1004353, 1004353, 1004353, 1004353, 1004353, 1004353, 1004353, 1004353, 1004353, 1004353, 1004353, 1004353, 1004353, 1004353, 1004353, 1004353, 1004353, 1004353, 1004353, 1004353, 1004353]"
73,https://mel-au-ping.vultr.com,67.219.110.24,"[27989, 1001185, 1004453, 52918, 19983, 1004353, 1004353, 1004353]"
74,https://mex-mx-ping.vultr.com,216.238.66.16,"[29049, 1002591, 18250, 54330, 28221, 1004353]"
75,https://nj-us-ping.vultr.com,108.61.149.182,"[29049, 24908, 51025, 32, 1002493, 1002768, 23016, 1002626, 1003040, 61868, 1002591, 62613, 63017, 60929, 62417, 50017, 54330, 50448, 52422, 62911, 61631, 62741, 62083, 62498, 61081, 1005302, 61532, 28221, 1004232, 61780, 61435, 23127, 62553, 61899, 1004353, 1004353, 1004353, 1004353, 1004353, 1004353, 1004353, 1004353, 1004353, 1004353]"
76,https://objectstorage.af-johannesburg-1.oraclecloud.com/ping,134.70.160.1,[1000327]
77,https://objectstorage.ap-chuncheon-1.oraclecloud.com/ping,134.70.132.2,"[52844, 1005958, 17789]"
78,https://objectstorage.ap-hyderabad-1.oraclecloud.com/ping,134.70.120.2,"[1006833, 17590]"
79,https://objectstorage.ap-melbourne-1.oraclecloud.com/ping,134.70.108.3,"[27989, 1001185, 1004453, 52918, 19983, 1004353, 1004353, 1004353]"
80,https://objectstorage.ap-mumbai-1.oraclecloud.com/ping,134.70.76.3,"[1006833, 17590]"
81,https://objectstorage.ap-osaka-1.oraclecloud.com/ping,134.70.112.3,"[52844, 1005958, 17789]"
82,https://objectstorage.ap-seoul-1.oraclecloud.com/ping,134.70.96.3,"[52844, 1005958, 54789, 17789]"
83,https://objectstorage.ap-singapore-1.oraclecloud.com/ping,134.70.128.1,"[35507, 1005856, 54524]"
84,https://objectstorage.ap-sydney-1.oraclecloud.com/ping,134.70.92.3,"[27989, 1001185, 1004453, 52918, 19983, 1004353, 1004353, 1004353]"
85,https://objectstorage.ap-tokyo-1.oraclecloud.com/ping,134.70.80.3,"[52844, 1005958, 17789]"
86,https://objectstorage.ca-montreal-1.oraclecloud.com/ping,134.70.116.1,"[51025, 1002493, 23016, 1003040, 63017, 62417, 62390, 50017, 50300, 55492, 52422, 61631, 61081, 1005302, 61532, 1004232, 61780, 61435, 62553, 61899, 1004353, 1004353, 1004353]"
87,https://objectstorage.ca-toronto-1.oraclecloud.com/ping,134.70.72.3,"[29049, 51025, 1002493, 23016, 1003040, 62613, 63017, 62417, 62390, 50017, 50300, 54330, 55492, 52422, 61631, 61081, 1005302, 61532, 1004232, 61780, 61435, 62553, 61899, 1004353, 1004353, 1004353]"
88,https://objectstorage.eu-amsterdam-1.oraclecloud.com/ping,134.70.104.1,"[1000559, 21529, 1004600, 18833, 50852, 53829, 54080, 52028, 55739, 61316, 1003341, 1006934, 55619, 50927, 16601, 32378, 1001151, 55404, 1006936, 1007500, 11268, 60345, 32006, 34009, 1000068, 1004628, 23835, 1005913, 1002758, 22585, 1005072, 34882, 21286, 51136, 26057, 53870, 35462, 1005408, 34648, 50705, 28126, 1004198, 55036, 27411, 50612, 20102, 28088, 50081, 15644, 22394, 1006857, 61241, 20544, 1005817, 53852, 26380, 13040, 62953, 1006388, 11585, 1001356, 54837, 35681, 62843, 16869, 1004353, 1004353, 1004353, 1004353, 1004353, 1004353, 1004353, 1004353, 1004353, 1004353, 1004353, 1004353, 1004353, 1004353, 1004353, 1004353, 1004353, 1004353, 1004353, 1004353, 1004353, 1004353, 1004353, 1004353, 1004353, 1004353, 1004353, 1004353, 1004353, 1004353, 1004353, 1004353, 1004353, 1004353, 1004353, 1004353, 1004353, 1004353, 1004353, 1004353, 1004353, 1004353, 1004353, 1004353, 1004353, 1004353, 1004353, 1004353, 1004353, 1004353, 1004353, 1004353, 1004353, 1004353, 1004353, 1004353, 1004353, 1004353, 1004353, 1004353, 1004353, 1004353, 1004353, 1004353, 1004353, 1004353, 1004353, 1004353]"
89,https://objectstorage.eu-madrid-1.oraclecloud.com/ping,134.70.176.1,"[21529, 1004600, 18833, 50852, 54080, 52028, 55739, 61316, 1003341, 55619, 32378, 1001151, 55404, 1007500, 11268, 60345, 32006, 34009, 1000068, 1004628, 23835, 1005913, 1002758, 22585, 1005072, 21286, 51136, 53870, 34648, 55036, 27411, 50612, 28088, 50081, 22394, 1006857, 61241, 1005817, 53852, 26380, 13040, 62953, 1006388, 1001356, 54837, 35681, 62843, 16869, 1004353, 1004353, 1004353, 1004353, 1004353, 1004353, 1004353, 1004353, 1004353, 1004353, 1004353, 1004353, 1004353, 1004353, 1004353, 1004353, 1004353, 1004353, 1004353, 1004353, 1004353, 1004353, 1004353, 1004353, 1004353, 1004353, 1004353, 1004353, 1004353, 1004353, 1004353, 1004353, 1004353, 1004353, 1004353, 1004353, 1004353, 1004353, 1004353, 1004353, 1004353, 1004353, 1004353, 1004353, 1004353, 1004353, 1004353, 1004353, 1004353, 1004353, 1004353, 1004353, 1004353]"
90,https://objectstorage.eu-marseille-1.oraclecloud.com/ping,134.70.164.1,"[1000559, 21529, 1004600, 18833, 50852, 53829, 54080, 52028, 55739, 61316, 1003341, 1006934, 55619, 50927, 16601, 32378, 1001151, 55404, 1007500, 11268, 60345, 32006, 34009, 1000068, 1004628, 23835, 1005913, 1002758, 22585, 1005072, 34882, 52640, 21286, 3028, 51136, 26057, 53870, 1005408, 34648, 50705, 28126, 55036, 27411, 50612, 28088, 54804, 50081, 15644, 22394, 1000551, 1006857, 60797, 61241, 60549, 20544, 1005817, 53852, 26380, 13040, 62953, 1006388, 11585, 1001356, 54837, 35681, 62843, 16869, 1004353, 1004353, 1004353, 1004353, 1004353, 1004353, 1004353, 1004353, 1004353, 1004353, 1004353, 1004353, 1004353, 1004353, 1004353, 1004353, 1004353, 1004353, 1004353, 1004353, 1004353, 1004353, 1004353, 1004353, 1004353, 1004353, 1004353, 1004353, 1004353, 1004353, 1004353, 1004353, 1004353, 1004353, 1004353, 1004353, 1004353, 1004353, 1004353, 1004353, 1004353, 1004353, 1004353, 1004353, 1004353, 1004353, 1004353, 1004353, 1004353, 1004353, 1004353, 1004353, 1004353, 1004353, 1004353, 1004353, 1004353, 1004353, 1004353, 1004353, 1004353, 1004353]"
91,https://objectstorage.eu-milan-1.oraclecloud.com/ping,134.70.168.1,"[1000559, 21529, 1004600, 18833, 50852, 53829, 54080, 52028, 55739, 61316, 1003341, 1006934, 55619, 50927, 16601, 32378, 1001151, 55404, 1006936, 1007500, 11268, 60345, 32006, 34009, 1000068, 1004628, 23835, 1005913, 1002758, 22585, 1005072, 34882, 21286, 3028, 51136, 26057, 53870, 35462, 1005408, 34648, 50705, 28126, 55036, 27411, 50612, 20102, 28088, 54804, 50081, 15644, 22394, 1000551, 1006857, 61241, 60549, 20544, 1005817, 53852, 26380, 13040, 62953, 1006388, 11585, 1001356, 54837, 35681, 62843, 16869, 1004353, 1004353, 1004353, 1004353, 1004353, 1004353, 1004353, 1004353, 1004353, 1004353, 1004353, 1004353, 1004353, 1004353, 1004353, 1004353, 1004353, 1004353, 1004353, 1004353, 1004353, 1004353, 1004353, 1004353, 1004353, 1004353, 1004353, 1004353, 1004353, 1004353, 1004353, 1004353, 1004353, 1004353, 1004353, 1004353, 1004353, 1004353, 1004353, 1004353, 1004353, 1004353, 1004353, 1004353, 1004353, 1004353, 1004353, 1004353, 1004353, 1004353, 1004353, 1004353, 1004353, 1004353, 1004353, 1004353, 1004353, 1004353, 1004353, 1004353, 1004353, 1004353, 1004353, 1004353, 1004353, 1004353, 1004353, 1004353, 1004353]"
92,https://objectstorage.eu-paris-1.oraclecloud.com/ping,134.70.180.1,"[1000559, 21529, 1004600, 18833, 50852, 53829, 54080, 52028, 55739, 61316, 1003341, 1006934, 55619, 50927, 16601, 32378, 1001151, 55404, 1007500, 11268, 60345, 32006, 34009, 1000068, 1004628, 23835, 1005913, 1002758, 22585, 1005072, 34882, 52640, 21286, 51136, 26057, 53870, 1005408, 34648, 50705, 28126, 1004198, 55036, 27411, 50612, 20102, 28088, 50081, 15644, 22394, 1006857, 60797, 61241, 20544, 1005817, 53852, 26380, 13040, 62953, 1006388, 11585, 1001356, 54837, 35681, 62843, 16869, 1004353, 1004353, 1004353, 1004353, 1004353, 1004353, 1004353, 1004353, 1004353, 1004353, 1004353, 1004353, 1004353, 1004353, 1004353, 1004353, 1004353, 1004353, 1004353, 1004353, 1004353, 1004353, 1004353, 1004353, 1004353, 1004353, 1004353, 1004353, 1004353, 1004353, 1004353, 1004353, 1004353, 1004353, 1004353, 1004353, 1004353, 1004353, 1004353, 1004353, 1004353, 1004353, 1004353, 1004353, 1004353, 1004353, 1004353, 1004353, 1004353, 1004353, 1004353, 1004353, 1004353, 1004353, 1004353, 1004353, 1004353, 1004353, 1004353, 1004353, 1004353]"
93,https://objectstorage.eu-stockholm-1.oraclecloud.com/ping,134.70.156.1,"[1000559, 21529, 14723, 1004600, 50852, 53829, 54080, 52028, 55739, 61316, 1003341, 1006934, 55619, 50927, 16601, 32378, 1001151, 55404, 1006936, 1007500, 11268, 60345, 32006, 34009, 1000068, 1004628, 23835, 1005913, 1002758, 22585, 1005072, 50024, 34882, 21286, 51136, 26057, 53870, 35462, 1005408, 50705, 28126, 1004198, 55036, 50612, 20102, 28088, 50081, 15644, 22394, 1006857, 61241, 20544, 1005817, 53852, 26380, 13040, 62953, 1006388, 11585, 1001356, 54837, 35681, 16869, 1004353, 1004353, 1004353, 1004353, 1004353, 1004353, 1004353, 1004353, 1004353, 1004353, 1004353, 1004353, 1004353, 1004353, 1004353, 1004353, 1004353, 1004353, 1004353, 1004353, 1004353, 1004353, 1004353, 1004353, 1004353, 1004353, 1004353, 1004353, 1004353, 1004353, 1004353, 1004353, 1004353, 1004353, 1004353, 1004353, 1004353, 1004353, 1004353, 1004353, 1004353, 1004353, 1004353, 1004353, 1004353, 1004353, 1004353, 1004353, 1004353, 1004353, 1004353, 1004353, 1004353, 1004353, 1004353, 1004353, 1004353, 1004353, 1004353, 1004353, 1004353, 1004353, 1004353, 1004353, 1004353, 1004353, 1004353, 1004353, 1004353, 1004353, 1004353, 1004353, 1004353]"
94,https://objectstorage.eu-zurich-1.oraclecloud.com/ping,134.70.88.3,"[1000559, 21529, 1004600, 18833, 50852, 53829, 54080, 52028, 55739, 61316, 1003341, 1006934, 55619, 50927, 16601, 32378, 1001151, 55404, 1006936, 1007500, 11268, 60345, 32006, 34009, 1000068, 1004628, 23835, 1005913, 1002758, 22585, 1005072, 34882, 21286, 3028, 51136, 26057, 53870, 35462, 1005408, 34648, 50705, 28126, 1004198, 55036, 27411, 50612, 20102, 28088, 54804, 50081, 15644, 22394, 1000551, 1006857, 61241, 60549, 20544, 1005817, 53852, 26380, 13040, 62953, 1006388, 11585, 1001356, 54837, 35681, 62843, 16869, 1004353, 1004353, 1004353, 1004353, 1004353, 1004353, 1004353, 1004353, 1004353, 1004353, 1004353, 1004353, 1004353, 1004353, 1004353, 1004353, 1004353, 1004353, 1004353, 1004353, 1004353, 1004353, 1004353, 1004353, 1004353, 1004353, 1004353, 1004353, 1004353, 1004353, 1004353, 1004353, 1004353, 1004353, 1004353, 1004353, 1004353, 1004353, 1004353, 1004353, 1004353, 1004353, 1004353, 1004353, 1004353, 1004353, 1004353, 1004353, 1004353, 1004353, 1004353, 1004353, 1004353, 1004353, 1004353, 1004353, 1004353, 1004353, 1004353, 1004353, 1004353, 1004353, 1004353, 1004353, 1004353, 1004353, 1004353, 1004353, 1004353]"
95,https://objectstorage.il-jerusalem-1.oraclecloud.com/ping,134.70.172.1,"[1000559, 30596, 53569, 50274, 16601, 27119, 30952, 31159, 3028, 11902, 28126, 20948, 54804, 1000551, 60549, 1004353, 1004353]"
96,https://objectstorage.me-abudhabi-1.oraclecloud.com/ping,134.70.144.1,"[53569, 30952, 31159, 20948]"
97,https://objectstorage.me-dubai-1.oraclecloud.com/ping,134.70.148.1,"[53569, 30952, 31159, 20948]"
98,https://objectstorage.me-jeddah-1.oraclecloud.com/ping,134.70.100.3,"[30596, 50274, 27119, 30952, 31159, 20948, 54804]"
99,https://objectstorage.mx-monterrey-1.oraclecloud.com/ping,134.70.200.1,"[29049, 32, 1002626, 1002591, 62613, 18250, 54330, 50448, 62741, 1005302, 28221, 61899, 1004353, 1004353, 1004353]"
100,https://objectstorage.mx-queretaro-1.oraclecloud.com/ping,134.70.184.1,"[29049, 1002591, 18250, 54330, 28221, 1004353]"
101,https://objectstorage.sa-santiago-1.oraclecloud.com/ping,134.70.152.1,[863]
102,https://objectstorage.sa-saopaulo-1.oraclecloud.com/ping,134.70.84.3,"[24628, 1006110, 863, 1004353, 1004353]"
103,https://objectstorage.sa-vinhedo-1.oraclecloud.com/ping,134.70.140.1,"[24628, 1006110, 863, 1004353, 1004353]"
104,https://objectstorage.uk-cardiff-1.oraclecloud.com/ping,134.70.136.1,"[21529, 1004600, 18833, 50852, 54080, 52028, 55739, 61316, 1003341, 1006934, 55619, 50927, 16601, 32378, 1001151, 55404, 1007500, 11268, 60345, 32006, 34009, 1000068, 1004628, 23835, 1005913, 1002758, 22585, 1005072, 34882, 21286, 51136, 26057, 53870, 1005408, 34648, 50705, 1004198, 55036, 27411, 50612, 20102, 28088, 50081, 15644, 22394, 1006857, 61241, 20544, 1005817, 53852, 26380, 13040, 62953, 1006388, 11585, 1001356, 54837, 35681, 62843, 16869, 1004353, 1004353, 1004353, 1004353, 1004353, 1004353, 1004353, 1004353, 1004353, 1004353, 1004353, 1004353, 1004353, 1004353, 1004353, 1004353, 1004353, 1004353, 1004353, 1004353, 1004353, 1004353, 1004353, 1004353, 1004353, 1004353, 1004353, 1004353, 1004353, 1004353, 1004353, 1004353, 1004353, 1004353, 1004353, 1004353, 1004353, 1004353, 1004353, 1004353, 1004353, 1004353, 1004353, 1004353, 1004353, 1004353, 1004353, 1004353, 1004353, 1004353, 1004353, 1004353, 1004353, 1004353, 1004353, 1004353, 1004353, 1004353, 1004353]"
105,https://objectstorage.uk-london-1.oraclecloud.com/ping,134.70.64.1,"[21529, 1004600, 18833, 50852, 54080, 52028, 55739, 61316, 1003341, 1006934, 55619, 50927, 16601, 32378, 1001151, 55404, 1007500, 11268, 60345, 32006, 34009, 1000068, 1004628, 23835, 1005913, 1002758, 22585, 1005072, 34882, 21286, 51136, 26057, 53870, 1005408, 34648, 50705, 1004198, 55036, 27411, 50612, 20102, 28088, 50081, 15644, 22394, 1006857, 61241, 20544, 1005817, 53852, 26380, 13040, 62953, 1006388, 11585, 1001356, 54837, 35681, 62843, 16869, 1004353, 1004353, 1004353, 1004353, 1004353, 1004353, 1004353, 1004353, 1004353, 1004353, 1004353, 1004353, 1004353, 1004353, 1004353, 1004353, 1004353, 1004353, 1004353, 1004353, 1004353, 1004353, 1004353, 1004353, 1004353, 1004353, 1004353, 1004353, 1004353, 1004353, 1004353, 1004353, 1004353, 1004353, 1004353, 1004353, 1004353, 1004353, 1004353, 1004353, 1004353, 1004353, 1004353, 1004353, 1004353, 1004353, 1004353, 1004353, 1004353, 1004353, 1004353, 1004353, 1004353, 1004353, 1004353, 1004353, 1004353, 1004353, 1004353]"
106,https://objectstorage.us-ashburn-1.oraclecloud.com/ping,134.70.32.1,"[29049, 24908, 51025, 32, 1002493, 1002768, 23016, 1002626, 1003040, 61868, 1002591, 62613, 63017, 60929, 62417, 50017, 54330, 50448, 52422, 62911, 61631, 62741, 62083, 62498, 61081, 1005302, 61532, 28221, 1004232, 61780, 61435, 23127, 62553, 61899, 1004353, 1004353, 1004353, 1004353, 1004353, 1004353, 1004353, 1004353, 1004353, 1004353]"
107,https://objectstorage.us-chicago-1.oraclecloud.com/ping,134.70.192.1,"[29049, 24908, 51025, 32, 1002493, 1002768, 23016, 1002626, 1003040, 61868, 1002591, 62613, 63017, 60929, 62417, 50017, 54330, 50448, 52422, 62911, 61631, 62741, 62083, 62498, 61081, 1005302, 61532, 28221, 1004232, 61780, 61435, 23127, 62553, 61899, 1004353, 1004353, 1004353, 1004353, 1004353, 1004353, 1004353, 1004353, 1004353, 1004353]"
108,https://objectstorage.us-phoenix-1.oraclecloud.com/ping,134.70.8.1,"[29049, 24908, 51025, 32, 1002493, 1002768, 1002626, 1003040, 61868, 1002591, 62613, 63017, 60929, 62417, 62390, 50017, 54330, 50448, 52422, 62911, 62741, 62083, 62498, 61081, 1005302, 61532, 28221, 1004232, 61780, 23127, 62553, 61899, 1004353, 1004353, 1004353, 1004353, 1004353, 1004353, 1004353, 1004353, 1004353, 1004353]"
109,https://objectstorage.us-sanjose-1.oraclecloud.com/ping,134.70.124.2,"[29049, 24908, 51025, 32, 1002493, 1002768, 1002626, 1003040, 61868, 1002591, 62613, 63017, 60929, 62417, 62390, 50017, 54330, 55492, 50448, 52422, 62911, 62741, 62083, 62498, 61081, 1005302, 61532, 28221, 1004232, 61780, 23127, 62553, 61899, 1004353, 1004353, 1004353, 1004353, 1004353, 1004353, 1004353, 1004353, 1004353, 1004353]"
110,https://par-fr-ping.vultr.com,108.61.209.127,"[1000559, 21529, 1004600, 18833, 50852, 53829, 54080, 52028, 55739, 61316, 1003341, 1006934, 55619, 50927, 16601, 32378, 1001151, 55404, 1007500, 11268, 60345, 32006, 34009, 1000068, 1004628, 23835, 1005913, 1002758, 22585, 1005072, 34882, 52640, 21286, 51136, 26057, 53870, 1005408, 34648, 50705, 28126, 1004198, 55036, 27411, 50612, 20102, 28088, 50081, 15644, 22394, 1006857, 60797, 61241, 20544, 1005817, 53852, 26380, 13040, 62953, 1006388, 11585, 1001356, 54837, 35681, 62843, 16869, 1004353, 1004353, 1004353, 1004353, 1004353, 1004353, 1004353, 1004353, 1004353, 1004353, 1004353, 1004353, 1004353, 1004353, 1004353, 1004353, 1004353, 1004353, 1004353, 1004353, 1004353, 1004353, 1004353, 1004353, 1004353, 1004353, 1004353, 1004353, 1004353, 1004353, 1004353, 1004353, 1004353, 1004353, 1004353, 1004353, 1004353, 1004353, 1004353, 1004353, 1004353, 1004353, 1004353, 1004353, 1004353, 1004353, 1004353, 1004353, 1004353, 1004353, 1004353, 1004353, 1004353, 1004353, 1004353, 1004353, 1004353, 1004353, 1004353, 1004353, 1004353]"
111,https://sao-br-ping.vultr.com,216.238.98.118,"[24628, 1006110, 863, 1004353, 1004353]"
112,https://sel-kor-ping.vultr.com,141.164.34.61,"[52844, 1005958, 54789, 17789]"
113,https://sgp-ping.vultr.com,45.32.100.168,"[35507, 1005856, 54524]"
114,https://sjo-ca-us-ping.vultr.com,104.156.230.107,"[29049, 24908, 51025, 32, 1002493, 1002768, 1002626, 1003040, 61868, 1002591, 62613, 63017, 60929, 62417, 62390, 50017, 54330, 55492, 50448, 52422, 62911, 62741, 62083, 62498, 61081, 1005302, 61532, 28221, 1004232, 61780, 23127, 62553, 61899, 1004353, 1004353, 1004353, 1004353, 1004353, 1004353, 1004353, 1004353, 1004353, 1004353]"
115,https://speedtest.atlanta.linode.com/,192.155.94.157,"[29049, 24908, 51025, 32, 1002493, 1002768, 23016, 1002626, 1003040, 61868, 1002591, 62613, 63017, 60929, 62417, 50017, 54330, 50448, 52422, 62911, 61631, 62741, 62083, 62498, 61081, 1005302, 61532, 28221, 1004232, 61780, 61435, 23127, 62553, 61899, 1004353, 1004353, 1004353, 1004353, 1004353, 1004353, 1004353, 1004353, 1004353, 1004353]"
116,https://speedtest.dallas.linode.com/,50.116.25.154,"[29049, 24908, 51025, 32, 1002493, 1002768, 1002626, 1003040, 61868, 1002591, 62613, 63017, 60929, 62417, 50017, 54330, 50448, 52422, 62911, 62741, 62083, 62498, 61081, 1005302, 61532, 28221, 1004232, 61780, 23127, 62553, 61899, 1004353, 1004353, 1004353, 1004353, 1004353, 1004353, 1004353, 1004353, 1004353, 1004353]"
117,https://speedtest.frankfurt.linode.com/,139.162.130.8,"[1000559, 21529, 1004600, 18833, 50852, 53829, 54080, 52028, 55739, 61316, 1003341, 1006934, 55619, 50927, 16601, 32378, 1001151, 55404, 1006936, 1007500, 11268, 60345, 32006, 34009, 1000068, 1004628, 23835, 1005913, 1002758, 22585, 1005072, 34882, 21286, 3028, 51136, 26057, 53870, 35462, 1005408, 34648, 50705, 28126, 1004198, 55036, 27411, 50612, 20102, 28088, 50081, 15644, 22394, 1000551, 1006857, 61241, 20544, 1005817, 53852, 26380, 13040, 62953, 1006388, 11585, 1001356, 54837, 35681, 62843, 16869, 1004353, 1004353, 1004353, 1004353, 1004353, 1004353, 1004353, 1004353, 1004353, 1004353, 1004353, 1004353, 1004353, 1004353, 1004353, 1004353, 1004353, 1004353, 1004353, 1004353, 1004353, 1004353, 1004353, 1004353, 1004353, 1004353, 1004353, 1004353, 1004353, 1004353, 1004353, 1004353, 1004353, 1004353, 1004353, 1004353, 1004353, 1004353, 1004353, 1004353, 1004353, 1004353, 1004353, 1004353, 1004353, 1004353, 1004353, 1004353, 1004353, 1004353, 1004353, 1004353, 1004353, 1004353, 1004353, 1004353, 1004353, 1004353, 1004353, 1004353, 1004353, 1004353, 1004353, 1004353, 1004353, 1004353, 1004353, 1004353, 1004353]"
118,https://speedtest.fremont.linode.com/,50.116.14.9,"[29049, 24908, 51025, 32, 1002493, 1002768, 1002626, 1003040, 61868, 1002591, 62613, 63017, 60929, 62417, 62390, 50017, 54330, 55492, 50448, 52422, 62911, 62741, 62083, 62498, 61081, 1005302, 61532, 28221, 1004232, 61780, 23127, 62553, 61899, 1004353, 1004353, 1004353, 1004353, 1004353, 1004353, 1004353, 1004353, 1004353, 1004353]"
119,https://speedtest.london.linode.com/,176.58.107.39,"[21529, 1004600, 18833, 50852, 54080, 52028, 55739, 61316, 1003341, 1006934, 55619, 50927, 16601, 32378, 1001151, 55404, 1007500, 11268, 60345, 32006, 34009, 1000068, 1004628, 23835, 1005913, 1002758, 22585, 1005072, 34882, 21286, 51136, 26057, 53870, 1005408, 34648, 50705, 1004198, 55036, 27411, 50612, 20102, 28088, 50081, 15644, 22394, 1006857, 61241, 20544, 1005817, 53852, 26380, 13040, 62953, 1006388, 11585, 1001356, 54837, 35681, 62843, 16869, 1004353, 1004353, 1004353, 1004353, 1004353, 1004353, 1004353, 1004353, 1004353, 1004353, 1004353, 1004353, 1004353, 1004353, 1004353, 1004353, 1004353, 1004353, 1004353, 1004353, 1004353, 1004353, 1004353, 1004353, 1004353, 1004353, 1004353, 1004353, 1004353, 1004353, 1004353, 1004353, 1004353, 1004353, 1004353, 1004353, 1004353, 1004353, 1004353, 1004353, 1004353, 1004353, 1004353, 1004353, 1004353, 1004353, 1004353, 1004353, 1004353, 1004353, 1004353, 1004353, 1004353, 1004353, 1004353, 1004353, 1004353, 1004353, 1004353]"
120,https://speedtest.mumbai1.linode.com/,172.105.33.31,"[1006833, 17590]"
121,https://speedtest.newark.linode.com/,50.116.57.237,"[29049, 24908, 51025, 32, 1002493, 1002768, 23016, 1002626, 1003040, 61868, 1002591, 62613, 63017, 60929, 62417, 50017, 54330, 50448, 52422, 62911, 61631, 62741, 62083, 62498, 61081, 1005302, 61532, 28221, 1004232, 61780, 61435, 23127, 62553, 61899, 1004353, 1004353, 1004353, 1004353, 1004353, 1004353, 1004353, 1004353, 1004353, 1004353]"
122,https://speedtest.singapore.linode.com/,139.162.23.4,"[35507, 1005856, 54524]"
123,https://speedtest.syd1.linode.com/,172.105.174.7,"[27989, 1001185, 1004453, 52918, 19983, 1004353, 1004353, 1004353]"
124,https://speedtest.tokyo2.linode.com/,139.162.65.37,"[52844, 1005958, 17789]"
125,https://speedtest.toronto1.linode.com/,172.105.30.21,"[29049, 51025, 1002493, 23016, 1003040, 62613, 63017, 62417, 62390, 50017, 50300, 54330, 55492, 52422, 61631, 61081, 1005302, 61532, 1004232, 61780, 61435, 62553, 61899, 1004353, 1004353, 1004353]"
126,https://sto-se-ping.vultr.com,70.34.194.86,"[1000559, 21529, 14723, 1004600, 50852, 53829, 54080, 52028, 55739, 61316, 1003341, 1006934, 55619, 50927, 16601, 32378, 1001151, 55404, 1006936, 1007500, 11268, 60345, 32006, 34009, 1000068, 1004628, 23835, 1005913, 1002758, 22585, 1005072, 50024, 34882, 21286, 51136, 26057, 53870, 35462, 1005408, 50705, 28126, 1004198, 55036, 50612, 20102, 28088, 50081, 15644, 22394, 1006857, 61241, 20544, 1005817, 53852, 26380, 13040, 62953, 1006388, 11585, 1001356, 35681, 16869, 1004353, 1004353, 1004353, 1004353, 1004353, 1004353, 1004353, 1004353, 1004353, 1004353, 1004353, 1004353, 1004353, 1004353, 1004353, 1004353, 1004353, 1004353, 1004353, 1004353, 1004353, 1004353, 1004353, 1004353, 1004353, 1004353, 1004353, 1004353, 1004353, 1004353, 1004353, 1004353, 1004353, 1004353, 1004353, 1004353, 1004353, 1004353, 1004353, 1004353, 1004353, 1004353, 1004353, 1004353, 1004353, 1004353, 1004353, 1004353, 1004353, 1004353, 1004353, 1004353, 1004353, 1004353, 1004353, 1004353, 1004353, 1004353, 1004353, 1004353, 1004353, 1004353, 1004353, 1004353, 1004353, 1004353, 1004353, 1004353, 1004353, 1004353, 1004353, 1004353, 1004353]"
127,https://syd-au-ping.vultr.com,108.61.212.117,"[27989, 1001185, 1004453, 52918, 19983, 1004353, 1004353, 1004353]"
128,https://tor-ca-ping.vultr.com,149.248.50.81,"[29049, 51025, 1002493, 23016, 1003040, 62613, 63017, 62417, 62390, 50017, 50300, 54330, 55492, 52422, 61631, 61081, 1005302, 61532, 1004232, 61780, 61435, 62553, 61899, 1004353, 1004353, 1004353]"
129,https://tx-us-ping.vultr.com,108.61.224.175,"[29049, 24908, 51025, 32, 1002493, 1002768, 1002626, 1003040, 61868, 1002591, 62613, 63017, 60929, 62417, 50017, 54330, 50448, 52422, 62911, 62741, 62083, 62498, 61081, 1005302, 61532, 28221, 1004232, 61780, 23127, 62553, 61899, 1004353, 1004353, 1004353, 1004353, 1004353, 1004353, 1004353, 1004353, 1004353, 1004353]"
130,https://wa-us-ping.vultr.com,108.61.194.105,"[29049, 24908, 51025, 32, 1002493, 1002768, 1002626, 1003040, 61868, 1002591, 62613, 63017, 60929, 62417, 62390, 50017, 54330, 55492, 50448, 52422, 62911, 62741, 62083, 62498, 61081, 1005302, 61532, 28221, 1004232, 61780, 23127, 62553, 61899, 1004353, 1004353, 1004353, 1004353, 1004353, 1004353, 1004353, 1004353, 1004353, 1004353]"
131,https://waw-pl-ping.vultr.com,70.34.242.24,"[1000559, 21529, 14723, 1004600, 50852, 53829, 54080, 52028, 55739, 61316, 1003341, 1006934, 55619, 50927, 16601, 32378, 1001151, 55404, 1006936, 1007500, 11268, 60345, 32006, 34009, 1000068, 1004628, 23835, 1005913, 1002758, 22585, 1005072, 50024, 34882, 21286, 3028, 51136, 26057, 53870, 35462, 1005408, 50705, 28126, 1004198, 55036, 27411, 50612, 20102, 28088, 54804, 50081, 15644, 22394, 1000551, 1006857, 61241, 60549, 20544, 1005817, 53852, 26380, 13040, 62953, 1006388, 11585, 1001356, 54837, 35681, 62843, 16869, 1004353, 1004353, 1004353, 1004353, 1004353, 1004353, 1004353, 1004353, 1004353, 1004353, 1004353, 1004353, 1004353, 1004353, 1004353, 1004353, 1004353, 1004353, 1004353, 1004353, 1004353, 1004353, 1004353, 1004353, 1004353, 1004353, 1004353, 1004353, 1004353, 1004353, 1004353, 1004353, 1004353, 1004353, 1004353, 1004353, 1004353, 1004353, 1004353, 1004353, 1004353, 1004353, 1004353, 1004353, 1004353, 1004353, 1004353, 1004353, 1004353, 1004353, 1004353, 1004353, 1004353, 1004353, 1004353, 1004353, 1004353, 1004353, 1004353, 1004353, 1004353, 1004353, 1004353, 1004353, 1004353, 1004353, 1004353, 1004353, 1004353, 1004353, 1004353, 1004353, 1004353, 1004353]"
