index,data_center_url,IP,probe_id_list,probe_id_list_length
0,https://ams-nl-ping.vultr.com,108.61.198.102,"[1007500, 11268, 1000559, 1002758, 32378, 53829, 52028, 61316, 18833, 55739, 1006934, 23835, 50927, 16601, 1005913, 1001151, 55404, 1006936, 29292, 50852, 54080, 60345, 32006, 21529, 22585, 1004628, 34009, 1000068, 55619, 1004600, 50612, 27363, 51136, 20102, 24080, 35462, 50705, 1005072, 27411, 34648, 1004198, 26057, 55036, 28126, 50719, 15644, 50081, 53870, 1000234, 25225, 11585, 61241, 1006857, 1005817, 17128, 51475, 26380, 62953, 35681, 20544, 1001356, 1003753, 62843, 54837, 16869, 1004353, 1006388, 1004876, 33242, 16688, 1002403, 60329, 31925, 910, 33915, 1000063, 12832, 27793, 916, 20372, 10928, 53533, 11629, 17950, 54989, 3172, 1005341, 52824, 2374, 29206, 63060, 18396, 11179, 1002482, 54234, 21228, 23232, 54041, 23764, 1000801, 1006118, 34019, 1005823, 11540, 16808, 31924, 4472, 11818, 12162, 1003290, 52752, 1000261, 3019, 28895, 61507, 22424, 1003900, 1000347, 1005796, 52343, 52502, 16100, 10120, 52516, 55007, 13656, 35643, 13444, 52340, 17093, 1003444, 1001142, 55354, 1004789]",134
1,https://ec2.af-south-1.amazonaws.com/ping,99.78.136.92,[1000327],1
2,https://ec2.ap-east-1.amazonaws.com/ping,13.248.36.100,"[1005846, 1005856, 1006477]",3
3,https://ec2.ap-northeast-1.amazonaws.com/ping,99.77.62.126,"[1005958, 52844, 17789]",3
4,https://ec2.ap-northeast-2.amazonaws.com/ping,52.95.193.80,"[1005958, 52844, 17789, 54789]",4
5,https://ec2.ap-northeast-3.amazonaws.com/ping,13.248.4.70,"[1005958, 52844, 17789]",3
6,https://ec2.ap-south-1.amazonaws.com/ping,52.95.84.21,"[1006833, 17590]",2
7,https://ec2.ap-southeast-1.amazonaws.com/ping,15.221.12.228,"[35507, 54524, 1005856]",3
8,https://ec2.ap-southeast-2.amazonaws.com/ping,99.83.81.36,"[1001185, 27989, 52918, 1004453, 19983, 20253, 61248, 23713]",8
9,https://ec2.ap-southeast-3.amazonaws.com/ping,99.78.244.123,"[35507, 54524, 52918]",3
10,https://ec2.ca-central-1.amazonaws.com/ping,52.94.100.54,"[1002493, 29049, 23016, 51025, 1003040, 54330, 50017, 50300, 52422, 55492, 61780, 61631, 61532, 61081, 1004232, 1005302, 61435, 62417, 63017, 61899, 60169, 1003035, 26518]",23
11,https://ec2.eu-central-1.amazonaws.com/ping,52.94.138.238,"[1007500, 11268, 1000559, 1002758, 32378, 53829, 52028, 61316, 18833, 55739, 1006934, 23835, 50927, 16601, 1005913, 1001151, 55404, 1006936, 29292, 50852, 54080, 60345, 32006, 21529, 22585, 1004628, 34009, 1000068, 55619, 1004600, 50612, 27363, 3028, 51136, 20102, 24080, 35462, 50705, 1005072, 27411, 34648, 1004198, 26057, 55036, 28126, 50719, 15644, 1000551, 50081, 53870, 1000234, 25225, 11585, 61241, 1006857, 1005817, 17128, 51475, 26380, 62953, 35681, 20544, 1001356, 1003753, 62843, 54837, 16869, 1004353, 1006388, 1004876, 33242, 16688, 1002403, 60329, 31925, 910, 33915, 1000063, 12832, 27793, 916, 20372, 10928, 53533, 11629, 17950, 54989, 3172, 1005341, 52824, 2374, 29206, 63060, 18396, 11179, 1002482, 54234, 21228, 23232, 54041, 23764, 1000801, 1006118, 27530, 34019, 1005823, 11540, 16808, 31924, 4472, 11818, 12162, 1003290, 52752, 1000261, 3019, 28895, 61507, 22424, 1003900, 1000347, 1005796, 52343, 52502, 16100, 10120, 52516, 55007, 13656, 35643, 13444, 52340, 17093, 1003444, 1001142, 55354, 1004789]",137
12,https://ec2.eu-north-1.amazonaws.com/ping,52.46.196.96,"[1007500, 11268, 1000559, 14723, 1002758, 32378, 53829, 52028, 61316, 55739, 1006934, 23835, 50927, 16601, 1005913, 1001151, 55404, 1006936, 29292, 50852, 54080, 60345, 32006, 21529, 22585, 1004628, 34009, 1000068, 55619, 1004600, 50612, 50024, 27363, 51136, 20102, 24080, 35462, 50705, 1005072, 1004198, 26057, 55036, 28126, 50719, 15644, 50081, 53870, 1000234, 25225, 11585, 61241, 1006857, 1005817, 17128, 51475, 26380, 62953, 35681, 20544, 1001356, 1003753, 54837, 16869, 1004353, 1006388, 1004876, 33242, 16688, 55505, 3633, 53915, 60329, 31925, 910, 50915, 33915, 1000063, 12832, 27793, 916, 20372, 17708, 10928, 3639, 3811, 11629, 17950, 1003584, 54989, 3172, 1005341, 27383, 52824, 2374, 29206, 63060, 18396, 11179, 1002482, 54234, 21228, 23232, 54041, 23764, 1000801, 1006118, 34019, 1005823, 1340, 11540, 16808, 1006232, 31924, 4472, 11818, 1003290, 52752, 50520, 1000261, 3019, 28895, 61507, 22424, 1003900, 1005796, 52502, 3253, 10120, 55007, 13656, 35643, 13444, 52340, 17093, 1003444, 20059, 1001142, 55354, 1004789]",139
13,https://ec2.eu-south-1.amazonaws.com/ping,52.119.132.74,"[1007500, 11268, 1000559, 1002758, 32378, 53829, 52028, 61316, 18833, 55739, 1006934, 23835, 50927, 16601, 1005913, 1001151, 55404, 1006936, 29292, 50852, 54080, 60345, 32006, 21529, 22585, 1004628, 34009, 1000068, 55619, 1004600, 50612, 27363, 3028, 51136, 20102, 24080, 35462, 50705, 1005072, 27411, 34648, 26057, 55036, 28126, 50719, 15644, 1000551, 50081, 53870, 1000234, 25225, 11585, 61241, 1006857, 1005817, 60549, 17128, 51475, 26380, 62953, 35681, 20544, 1001356, 1003753, 62843, 54837, 16869, 1004353, 1006388, 1004876, 33242, 16688, 1002403, 60329, 31925, 910, 33915, 1000063, 12832, 27793, 916, 20372, 10928, 53533, 11629, 17950, 54989, 3172, 1005341, 52824, 2374, 29206, 63060, 18396, 11179, 1002482, 54234, 21228, 23232, 54041, 23764, 1000801, 1006118, 27530, 34019, 1005823, 11540, 16808, 31924, 4472, 11818, 12162, 1003290, 52752, 1000261, 3019, 28895, 61507, 22424, 1003900, 1000347, 1005796, 52343, 52502, 16100, 10120, 52516, 55007, 13656, 35643, 13444, 52340, 17093, 1003444, 1001142, 55354, 1004789]",137
14,https://ec2.eu-west-1.amazonaws.com/ping,54.239.37.252,"[1007500, 11268, 1002758, 32378, 52028, 61316, 18833, 55739, 23835, 50927, 1005913, 1001151, 55404, 29292, 50852, 54080, 60345, 32006, 21529, 22585, 1004628, 34009, 1000068, 55619, 1004600, 50612, 27363, 51136, 24080, 50705, 1005072, 34648, 1004198, 26057, 55036, 50719, 15644, 50081, 53870, 1000234, 25225, 11585, 61241, 1006857, 1005817, 17128, 51475, 26380, 62953, 35681, 20544, 1001356, 1003753, 62843, 54837, 16869, 1004353, 1006388, 1004876, 33242, 16688, 1002403, 60329, 31925, 910, 33915, 1000063, 27793, 916, 20372, 10928, 53533, 17950, 3172, 1005341, 52824, 2374, 29206, 63060, 18396, 11179, 1002482, 54234, 21228, 23232, 54041, 23764, 1006118, 34019, 1005823, 11540, 16808, 31924, 12162, 1003290, 52752, 1000261, 3019, 28895, 61507, 22424, 1003900, 1000347, 1005796, 52343, 52502, 16100, 10120, 52516, 55007, 13656, 13444, 52340, 17093, 1003444, 1001142, 55354, 1004789]",118
15,https://ec2.eu-west-2.amazonaws.com/ping,52.94.48.63,"[1007500, 11268, 1002758, 32378, 52028, 61316, 18833, 55739, 1006934, 23835, 50927, 16601, 1005913, 1001151, 55404, 29292, 50852, 54080, 60345, 32006, 21529, 22585, 1004628, 34009, 1000068, 55619, 1004600, 50612, 27363, 51136, 20102, 24080, 50705, 1005072, 27411, 34648, 1004198, 26057, 55036, 50719, 15644, 50081, 53870, 1000234, 25225, 11585, 61241, 1006857, 1005817, 17128, 51475, 26380, 62953, 35681, 20544, 1001356, 1003753, 62843, 54837, 16869, 1004353, 1006388, 1004876, 33242, 16688, 1002403, 60329, 31925, 910, 33915, 1000063, 27793, 916, 20372, 10928, 53533, 17950, 3172, 1005341, 52824, 2374, 29206, 63060, 18396, 11179, 1002482, 54234, 21228, 23232, 54041, 23764, 1006118, 34019, 1005823, 11540, 16808, 31924, 12162, 1003290, 52752, 1000261, 3019, 28895, 61507, 22424, 1003900, 1000347, 1005796, 52343, 52502, 16100, 10120, 52516, 55007, 13656, 13444, 52340, 17093, 1003444, 1001142, 55354, 1004789]",122
16,https://ec2.eu-west-3.amazonaws.com/ping,52.46.68.57,"[1007500, 11268, 1000559, 1002758, 32378, 53829, 52028, 61316, 18833, 55739, 1006934, 23835, 50927, 16601, 1005913, 1001151, 55404, 29292, 50852, 54080, 60345, 32006, 21529, 22585, 1004628, 34009, 1000068, 55619, 1004600, 50612, 27363, 51136, 20102, 24080, 50705, 1005072, 27411, 34648, 1004198, 26057, 55036, 28126, 50719, 15644, 50081, 53870, 1000234, 25225, 11585, 61241, 1006857, 1005817, 17128, 51475, 26380, 62953, 35681, 20544, 1001356, 1003753, 62843, 54837, 16869, 1004353, 1006388, 1004876, 33242, 16688, 1002403, 60329, 31925, 910, 33915, 1000063, 27793, 916, 20372, 10928, 53533, 17950, 3172, 1005341, 52824, 2374, 29206, 63060, 18396, 11179, 1002482, 54234, 21228, 23232, 54041, 23764, 1000801, 1006118, 34019, 1005823, 11540, 16808, 31924, 12162, 1003290, 52752, 1000261, 3019, 28895, 61507, 22424, 1003900, 1000347, 1005796, 52343, 52502, 16100, 10120, 52516, 55007, 13656, 13444, 52340, 17093, 1003444, 1001142, 55354, 1004789]",126
17,https://ec2.me-south-1.amazonaws.com/ping,99.82.128.102,"[53569, 30596, 27119, 20948, 31159, 30952]",6
18,https://ec2.sa-east-1.amazonaws.com/ping,177.72.245.165,"[24628, 863, 1006110]",3
19,https://ec2.us-east-1.amazonaws.com/ping,209.54.181.135,"[1002768, 1002493, 32, 29049, 23016, 24908, 51025, 1002591, 1003040, 61868, 1002626, 54330, 23127, 50017, 60234, 52422, 50448, 61780, 60929, 61631, 62083, 61532, 62911, 62498, 61081, 1004232, 28221, 1005302, 10743, 61435, 62417, 63017, 61899, 60169, 12721, 15133, 62660, 1003035, 3671, 60259, 26518, 51636, 61879, 1001360]",44
20,https://ec2.us-east-2.amazonaws.com/ping,99.78.180.181,"[1002768, 1002493, 32, 29049, 23016, 24908, 51025, 1002591, 1003040, 61868, 1002626, 54330, 23127, 50017, 60234, 52422, 50448, 61780, 60929, 61631, 62083, 61532, 62911, 62498, 61081, 1004232, 28221, 1005302, 10743, 61435, 62417, 63017, 61899, 60169, 12721, 15133, 62660, 1003035, 3671, 60259, 26518, 51636, 61879, 1001360]",44
21,https://ec2.us-west-1.amazonaws.com/ping,176.32.118.30,"[1002768, 1002493, 32, 29049, 24908, 51025, 1002591, 1003040, 61868, 1002626, 54330, 23127, 50017, 60234, 52422, 50448, 55492, 61780, 60929, 62083, 61532, 62911, 62498, 61081, 1004232, 28221, 1005302, 10743, 62417, 63017, 61899, 60169, 12721, 15133, 62660, 1003035, 3671, 60259, 26518, 51636, 61879, 1001360]",42
22,https://ec2.us-west-2.amazonaws.com/ping,52.94.181.41,"[1002768, 1002493, 32, 29049, 24908, 51025, 1002591, 1003040, 61868, 1002626, 54330, 23127, 50017, 60234, 52422, 50448, 55492, 61780, 60929, 62083, 61532, 62911, 62498, 61081, 1004232, 28221, 1005302, 10743, 62417, 63017, 61899, 60169, 12721, 15133, 62660, 1003035, 3671, 60259, 26518, 51636, 61879, 1001360]",42
23,https://feitsui-bjs.cn-bj.ufileos.com/ping.html,117.50.123.23,"[1005958, 54789]",2
24,https://feitsui-bkk-1251417183.cos.ap-bangkok.myqcloud.com/ping.html,43.128.193.10,"[54524, 1005856]",2
25,https://feitsui-bkk.oss-ap-southeast-7.aliyuncs.com/ping.html,8.213.160.102,"[54524, 1005856]",2
26,https://feitsui-bom-1251417183.cos.ap-mumbai.myqcloud.com/ping.html,101.32.231.193,"[1006833, 17590]",2
27,https://feitsui-bom.ind-mumbai.ufileos.com/ping.html,45.40.56.163,"[1006833, 17590]",2
28,https://feitsui-bom.oss-ap-south-1.aliyuncs.com/ping.html,149.129.143.61,"[1006833, 17590]",2
29,https://feitsui-can.cn-gd.ufileos.com/ping.html,106.75.183.117,"[1005958, 54789]",2
30,https://feitsui-cgk-1251417183.cos.ap-jakarta.myqcloud.com/ping.html,43.129.45.113,"[35507, 54524, 52918]",3
31,https://feitsui-cgk.idn-jakarta.ufileos.com/ping.html,152.32.152.149,"[35507, 54524, 52918]",3
32,https://feitsui-cgk.oss-ap-southeast-5.aliyuncs.com/ping.html,149.129.200.34,"[35507, 54524, 52918]",3
33,https://feitsui-dxb.oss-me-east-1.aliyuncs.com/ping.html,47.91.99.18,"[53569, 20948, 31159, 30952]",4
34,https://feitsui-dxb.uae-dubai.ufileos.com/ping.html,23.248.184.33,"[53569, 20948, 31159, 30952]",4
35,https://feitsui-fra-1251417183.cos.eu-frankfurt.myqcloud.com/ping.html,162.62.150.176,"[1007500, 11268, 1000559, 1002758, 32378, 53829, 52028, 61316, 18833, 55739, 1006934, 23835, 50927, 16601, 1005913, 1001151, 55404, 1006936, 29292, 50852, 54080, 60345, 32006, 21529, 22585, 1004628, 34009, 1000068, 55619, 1004600, 50612, 27363, 3028, 51136, 20102, 24080, 35462, 50705, 1005072, 27411, 34648, 1004198, 26057, 55036, 28126, 50719, 15644, 1000551, 50081, 53870, 1000234, 25225, 11585, 61241, 1006857, 1005817, 17128, 51475, 26380, 62953, 35681, 20544, 1001356, 1003753, 62843, 54837, 16869, 1004353, 1006388, 1004876, 33242, 16688, 1002403, 60329, 31925, 910, 33915, 1000063, 12832, 27793, 916, 20372, 10928, 53533, 11629, 17950, 54989, 3172, 1005341, 52824, 2374, 29206, 63060, 18396, 11179, 1002482, 54234, 21228, 23232, 54041, 23764, 1000801, 1006118, 27530, 34019, 1005823, 11540, 16808, 31924, 4472, 11818, 12162, 1003290, 52752, 1000261, 3019, 28895, 61507, 22424, 1003900, 1000347, 1005796, 52343, 52502, 16100, 10120, 52516, 55007, 13656, 35643, 13444, 52340, 17093, 1003444, 1001142, 55354, 1004789]",137
36,https://feitsui-fra.ge-fra.ufileos.com/ping.html,128.14.225.21,"[1007500, 11268, 1000559, 1002758, 32378, 53829, 52028, 61316, 18833, 55739, 1006934, 23835, 50927, 16601, 1005913, 1001151, 55404, 1006936, 29292, 50852, 54080, 60345, 32006, 21529, 22585, 1004628, 34009, 1000068, 55619, 1004600, 50612, 27363, 3028, 51136, 20102, 24080, 35462, 50705, 1005072, 27411, 34648, 1004198, 26057, 55036, 28126, 50719, 15644, 1000551, 50081, 53870, 1000234, 25225, 11585, 61241, 1006857, 1005817, 17128, 51475, 26380, 62953, 35681, 20544, 1001356, 1003753, 62843, 54837, 16869, 1004353, 1006388, 1004876, 33242, 16688, 1002403, 60329, 31925, 910, 33915, 1000063, 12832, 27793, 916, 20372, 10928, 53533, 11629, 17950, 54989, 3172, 1005341, 52824, 2374, 29206, 63060, 18396, 11179, 1002482, 54234, 21228, 23232, 54041, 23764, 1000801, 1006118, 27530, 34019, 1005823, 11540, 16808, 31924, 4472, 11818, 12162, 1003290, 52752, 1000261, 3019, 28895, 61507, 22424, 1003900, 1000347, 1005796, 52343, 52502, 16100, 10120, 52516, 55007, 13656, 35643, 13444, 52340, 17093, 1003444, 1001142, 55354, 1004789]",137
37,https://feitsui-fra.oss-eu-central-1.aliyuncs.com/ping.html,47.254.186.91,"[1007500, 11268, 1000559, 1002758, 32378, 53829, 52028, 61316, 18833, 55739, 1006934, 23835, 50927, 16601, 1005913, 1001151, 55404, 1006936, 29292, 50852, 54080, 60345, 32006, 21529, 22585, 1004628, 34009, 1000068, 55619, 1004600, 50612, 27363, 3028, 51136, 20102, 24080, 35462, 50705, 1005072, 27411, 34648, 1004198, 26057, 55036, 28126, 50719, 15644, 1000551, 50081, 53870, 1000234, 25225, 11585, 61241, 1006857, 1005817, 17128, 51475, 26380, 62953, 35681, 20544, 1001356, 1003753, 62843, 54837, 16869, 1004353, 1006388, 1004876, 33242, 16688, 1002403, 60329, 31925, 910, 33915, 1000063, 12832, 27793, 916, 20372, 10928, 53533, 11629, 17950, 54989, 3172, 1005341, 52824, 2374, 29206, 63060, 18396, 11179, 1002482, 54234, 21228, 23232, 54041, 23764, 1000801, 1006118, 27530, 34019, 1005823, 11540, 16808, 31924, 4472, 11818, 12162, 1003290, 52752, 1000261, 3019, 28895, 61507, 22424, 1003900, 1000347, 1005796, 52343, 52502, 16100, 10120, 52516, 55007, 13656, 35643, 13444, 52340, 17093, 1003444, 1001142, 55354, 1004789]",137
38,https://feitsui-gru-1251417183.cos.sa-saopaulo.myqcloud.com/ping.html,43.135.205.247,"[24628, 863, 1006110]",3
39,https://feitsui-gru.bra-saopaulo.ufileos.com/ping.html,172.96.124.47,"[24628, 863, 1006110]",3
40,https://feitsui-hk.hk.ufileos.com/ping.html,123.58.223.81,"[1005846, 1005856, 1006477]",3
41,https://feitsui-hkg-1251417183.cos.ap-hongkong.myqcloud.com/ping.html,43.132.105.108,"[1005846, 1005856, 1006477]",3
42,https://feitsui-iad-1251417183.cos.na-ashburn.myqcloud.com/ping.html,49.51.77.119,"[1002768, 1002493, 32, 29049, 23016, 24908, 51025, 1002591, 1003040, 61868, 1002626, 54330, 23127, 50017, 60234, 52422, 50448, 61780, 60929, 61631, 62083, 61532, 62911, 62498, 61081, 1004232, 28221, 1005302, 10743, 61435, 62417, 63017, 61899, 60169, 12721, 15133, 62660, 1003035, 3671, 60259, 26518, 51636, 61879, 1001360]",44
43,https://feitsui-icn-1251417183.cos.ap-seoul.myqcloud.com/ping.html,119.28.147.117,"[1005958, 52844, 17789, 54789]",4
44,https://feitsui-icn.kr-seoul.ufileos.com/ping.html,165.154.85.11,"[1005958, 52844, 17789, 54789]",4
45,https://feitsui-icn.oss-ap-northeast-2.aliyuncs.com/ping.html,149.129.12.59,"[1005958, 52844, 17789, 54789]",4
46,https://feitsui-kul.oss-ap-southeast-3.aliyuncs.com/ping.html,47.254.218.26,"[35507, 54524, 1005856]",3
47,https://feitsui-lax.us-ca.ufileos.com/ping.html,118.193.76.37,"[1002768, 1002493, 32, 29049, 24908, 51025, 1002591, 1003040, 61868, 1002626, 54330, 23127, 50017, 60234, 52422, 50448, 61780, 60929, 62083, 61532, 62911, 62498, 61081, 1004232, 28221, 1005302, 10743, 62417, 63017, 61899, 60169, 12721, 15133, 62660, 1003035, 3671, 60259, 26518, 51636, 61879, 1001360]",41
48,https://feitsui-lhr.oss-eu-west-1.aliyuncs.com/ping.html,8.208.40.164,"[1007500, 11268, 1002758, 32378, 52028, 61316, 18833, 55739, 1006934, 23835, 50927, 16601, 1005913, 1001151, 55404, 29292, 50852, 54080, 60345, 32006, 21529, 22585, 1004628, 34009, 1000068, 55619, 1004600, 50612, 27363, 51136, 20102, 24080, 50705, 1005072, 27411, 34648, 1004198, 26057, 55036, 50719, 15644, 50081, 53870, 1000234, 25225, 11585, 61241, 1006857, 1005817, 17128, 51475, 26380, 62953, 35681, 20544, 1001356, 1003753, 62843, 54837, 16869, 1004353, 1006388, 1004876, 33242, 16688, 1002403, 60329, 31925, 910, 33915, 1000063, 27793, 916, 20372, 10928, 53533, 17950, 3172, 1005341, 52824, 2374, 29206, 63060, 18396, 11179, 1002482, 54234, 21228, 23232, 54041, 23764, 1006118, 34019, 1005823, 11540, 16808, 31924, 12162, 1003290, 52752, 1000261, 3019, 28895, 61507, 22424, 1003900, 1000347, 1005796, 52343, 52502, 16100, 10120, 52516, 55007, 13656, 13444, 52340, 17093, 1003444, 1001142, 55354, 1004789]",122
49,https://feitsui-los.afr-nigeria.ufileos.com/ping.html,23.248.185.157,"[60985, 15342]",2
50,https://feitsui-mnl.oss-ap-southeast-6.aliyuncs.com/ping.html,8.212.139.140,"[1005846, 1006477]",2
51,https://feitsui-nrt-1251417183.cos.ap-tokyo.myqcloud.com/ping.html,43.128.240.52,"[1005958, 52844, 17789]",3
52,https://feitsui-nrt.oss-ap-northeast-1.aliyuncs.com/ping.html,47.245.49.2,"[1005958, 52844, 17789]",3
53,https://feitsui-sg.sg.ufileos.com/ping.html,104.218.162.29,"[35507, 54524, 1005856]",3
54,https://feitsui-sgn.vn-sng.ufileos.com/ping.html,152.32.160.33,"[1005846, 35507, 54524, 1005856, 1006477]",5
55,https://feitsui-sha2.cn-sh2.ufileos.com/ping.html,106.75.208.25,"[1005958, 54789]",2
56,https://feitsui-silicon-valley.oss-us-west-1.aliyuncs.com/ping.html,47.254.114.119,"[1002768, 1002493, 32, 29049, 24908, 51025, 1002591, 1003040, 61868, 1002626, 54330, 23127, 50017, 60234, 52422, 50448, 55492, 61780, 60929, 62083, 61532, 62911, 62498, 61081, 1004232, 28221, 1005302, 10743, 62417, 63017, 61899, 60169, 12721, 15133, 62660, 1003035, 3671, 60259, 26518, 51636, 61879, 1001360]",42
57,https://feitsui-siliconvalley-1251417183.cos.na-siliconvalley.myqcloud.com/ping.html,170.106.97.195,"[1002768, 1002493, 32, 29049, 24908, 51025, 1002591, 1003040, 61868, 1002626, 54330, 23127, 50017, 60234, 52422, 50448, 55492, 61780, 60929, 62083, 61532, 62911, 62498, 61081, 1004232, 28221, 1005302, 10743, 62417, 63017, 61899, 60169, 12721, 15133, 62660, 1003035, 3671, 60259, 26518, 51636, 61879, 1001360]",42
58,https://feitsui-sin-1251417183.cos.ap-singapore.myqcloud.com/ping.html,43.152.64.207,"[35507, 54524, 1005856]",3
59,https://feitsui-sin.oss-ap-southeast-1.aliyuncs.com/ping.html,161.117.155.93,"[35507, 54524, 1005856]",3
60,https://feitsui-syd.oss-ap-southeast-2.aliyuncs.com/ping.html,47.74.79.155,"[1001185, 27989, 52918, 1004453, 19983, 20253, 61248, 23713]",8
61,https://feitsui-tpe.tw-tp.ufileos.com/ping.html,152.32.231.7,"[1005958, 1005846, 17789, 1006477]",4
62,https://feitsui-virginia.oss-us-east-1.aliyuncs.com/ping.html,47.253.30.167,"[1002768, 1002493, 32, 29049, 23016, 24908, 51025, 1002591, 1003040, 61868, 1002626, 54330, 23127, 50017, 60234, 52422, 50448, 61780, 60929, 61631, 62083, 61532, 62911, 62498, 61081, 1004232, 28221, 1005302, 10743, 61435, 62417, 63017, 61899, 60169, 12721, 15133, 62660, 1003035, 3671, 60259, 26518, 51636, 61879, 1001360]",44
63,https://feitsui-yto-1251417183.cos.na-toronto.myqcloud.com/ping.html,49.51.54.104,"[1002493, 29049, 23016, 51025, 1003040, 54330, 50017, 50300, 52422, 55492, 61780, 61631, 61532, 61081, 1004232, 1005302, 61435, 62417, 63017, 61899, 60169, 1003035, 26518]",23
64,https://fl-us-ping.vultr.com,104.156.244.232,"[1002768, 1002493, 32, 29049, 24908, 51025, 1002591, 1003040, 61868, 1002626, 54330, 23127, 50017, 18250, 1007159, 60234, 52422, 50448, 61780, 60929, 62083, 61532, 62911, 62498, 61081, 1004232, 28221, 1005302, 10743, 62417, 63017, 61899, 60169, 12721, 15133, 62660, 1003035, 3671, 60259, 26518, 51636, 61879, 1001360]",43
65,https://fra-de-ping.vultr.com,108.61.210.117,"[1007500, 11268, 1000559, 1002758, 32378, 53829, 52028, 61316, 18833, 55739, 1006934, 23835, 50927, 16601, 1005913, 1001151, 55404, 1006936, 29292, 50852, 54080, 60345, 32006, 21529, 22585, 1004628, 34009, 1000068, 55619, 1004600, 50612, 27363, 3028, 51136, 20102, 24080, 35462, 50705, 1005072, 27411, 34648, 1004198, 26057, 55036, 28126, 50719, 15644, 1000551, 50081, 53870, 1000234, 25225, 11585, 61241, 1006857, 1005817, 17128, 51475, 26380, 62953, 35681, 20544, 1001356, 1003753, 62843, 54837, 16869, 1004353, 1006388, 1004876, 33242, 16688, 1002403, 60329, 31925, 910, 33915, 1000063, 12832, 27793, 916, 20372, 10928, 53533, 11629, 17950, 54989, 3172, 1005341, 52824, 2374, 29206, 63060, 18396, 11179, 1002482, 54234, 21228, 23232, 54041, 23764, 1000801, 1006118, 27530, 34019, 1005823, 11540, 16808, 31924, 4472, 11818, 12162, 1003290, 52752, 1000261, 3019, 28895, 61507, 22424, 1003900, 1000347, 1005796, 52343, 52502, 16100, 10120, 52516, 55007, 13656, 35643, 13444, 52340, 17093, 1003444, 1001142, 55354, 1004789]",137
66,https://ga-us-ping.vultr.com,108.61.193.166,"[1002768, 1002493, 32, 29049, 23016, 24908, 51025, 1002591, 1003040, 61868, 1002626, 54330, 23127, 50017, 60234, 52422, 50448, 61780, 60929, 61631, 62083, 61532, 62911, 62498, 61081, 1004232, 28221, 1005302, 10743, 61435, 62417, 63017, 61899, 60169, 12721, 15133, 62660, 1003035, 3671, 60259, 26518, 51636, 61879, 1001360]",44
67,https://hnd-jp-ping.vultr.com,108.61.201.151,"[1005958, 52844, 17789]",3
68,https://hon-hi-us-ping.vultr.com,208.72.154.76,"[1002768, 1002493, 32, 29049, 24908, 51025, 1002591, 1003040, 61868, 1002626, 54330, 23127, 50017, 60234, 52422, 50448, 60929, 62083, 61532, 62498, 61081, 1004232, 28221, 1005302, 10743, 62417, 63017, 61899, 60169, 12721, 15133, 62660, 1003035, 3671, 60259, 26518, 51636, 61879, 1001360]",39
69,https://il-us-ping.vultr.com,107.191.51.12,"[1002768, 1002493, 32, 29049, 23016, 24908, 51025, 1002591, 1003040, 61868, 1002626, 54330, 23127, 50017, 60234, 52422, 50448, 61780, 60929, 61631, 62083, 61532, 62911, 62498, 61081, 1004232, 28221, 1005302, 10743, 61435, 62417, 63017, 61899, 60169, 12721, 15133, 62660, 1003035, 3671, 60259, 26518, 51636, 61879, 1001360]",44
70,https://lax-ca-us-ping.vultr.com,108.61.219.200,"[1002768, 1002493, 32, 29049, 24908, 51025, 1002591, 1003040, 61868, 1002626, 54330, 23127, 50017, 60234, 52422, 50448, 61780, 60929, 62083, 61532, 62911, 62498, 61081, 1004232, 28221, 1005302, 10743, 62417, 63017, 61899, 60169, 12721, 15133, 62660, 1003035, 3671, 60259, 26518, 51636, 61879, 1001360]",41
71,https://lon-gb-ping.vultr.com,108.61.196.101,"[1007500, 11268, 1002758, 32378, 52028, 61316, 18833, 55739, 1006934, 23835, 50927, 16601, 1005913, 1001151, 55404, 29292, 50852, 54080, 60345, 32006, 21529, 22585, 1004628, 34009, 1000068, 55619, 1004600, 50612, 27363, 51136, 20102, 24080, 50705, 1005072, 27411, 34648, 1004198, 26057, 55036, 50719, 15644, 50081, 53870, 1000234, 25225, 11585, 61241, 1006857, 1005817, 17128, 51475, 26380, 62953, 35681, 20544, 1001356, 1003753, 62843, 54837, 16869, 1004353, 1006388, 1004876, 33242, 16688, 1002403, 60329, 31925, 910, 33915, 1000063, 27793, 916, 20372, 10928, 53533, 17950, 3172, 1005341, 52824, 2374, 29206, 63060, 18396, 11179, 1002482, 54234, 21228, 23232, 54041, 23764, 1006118, 34019, 1005823, 11540, 16808, 31924, 12162, 1003290, 52752, 1000261, 3019, 28895, 61507, 22424, 1003900, 1000347, 1005796, 52343, 52502, 16100, 10120, 52516, 55007, 13656, 13444, 52340, 17093, 1003444, 1001142, 55354, 1004789]",122
72,https://mad-es-ping.vultr.com,208.76.222.30,"[1007500, 11268, 1002758, 32378, 52028, 61316, 18833, 55739, 23835, 1005913, 1001151, 55404, 29292, 50852, 54080, 60345, 32006, 21529, 22585, 1004628, 34009, 1000068, 55619, 1004600, 50612, 51136, 24080, 1005072, 27411, 34648, 55036, 50719, 50081, 53870, 1000234, 61241, 1006857, 1005817, 17128, 51475, 26380, 62953, 35681, 1001356, 1003753, 62843, 54837, 16869, 1004353, 1006388, 1004876, 33242, 1002403, 60329, 31925, 910, 1000063, 27793, 916, 20372, 10928, 53533, 17950, 3172, 1005341, 52824, 2374, 29206, 63060, 18396, 11179, 1002482, 54234, 21228, 23232, 54041, 1006118, 34019, 1005823, 11540, 16808, 31924, 12162, 1003290, 52752, 1000261, 3019, 28895, 61507, 22424, 1003900, 1000347, 1005796, 52343, 16100, 10120, 52516, 55007, 13656, 13444, 52340, 17093, 1003444, 1001142, 55354, 1004789]",106
73,https://mel-au-ping.vultr.com,67.219.110.24,"[1001185, 27989, 52918, 1004453, 19983, 20253, 61248, 23713]",8
74,https://mex-mx-ping.vultr.com,216.238.66.16,"[29049, 1002591, 54330, 18250, 28221, 51636, 61879]",7
75,https://nj-us-ping.vultr.com,108.61.149.182,"[1002768, 1002493, 32, 29049, 23016, 24908, 51025, 1002591, 1003040, 61868, 1002626, 54330, 23127, 50017, 60234, 52422, 50448, 61780, 60929, 61631, 62083, 61532, 62911, 62498, 61081, 1004232, 28221, 1005302, 10743, 61435, 62417, 63017, 61899, 60169, 12721, 15133, 62660, 1003035, 3671, 60259, 26518, 51636, 61879, 1001360]",44
76,https://objectstorage.af-johannesburg-1.oraclecloud.com/ping,134.70.160.1,[1000327],1
77,https://objectstorage.ap-chuncheon-1.oraclecloud.com/ping,134.70.132.2,"[1005958, 52844, 17789]",3
78,https://objectstorage.ap-hyderabad-1.oraclecloud.com/ping,134.70.120.2,"[1006833, 17590]",2
79,https://objectstorage.ap-melbourne-1.oraclecloud.com/ping,134.70.108.3,"[1001185, 27989, 52918, 1004453, 19983, 20253, 61248, 23713]",8
80,https://objectstorage.ap-mumbai-1.oraclecloud.com/ping,134.70.76.3,"[1006833, 17590]",2
81,https://objectstorage.ap-osaka-1.oraclecloud.com/ping,134.70.112.3,"[1005958, 52844, 17789]",3
82,https://objectstorage.ap-seoul-1.oraclecloud.com/ping,134.70.96.3,"[1005958, 52844, 17789, 54789]",4
83,https://objectstorage.ap-singapore-1.oraclecloud.com/ping,134.70.128.1,"[35507, 54524, 1005856]",3
84,https://objectstorage.ap-sydney-1.oraclecloud.com/ping,134.70.92.3,"[1001185, 27989, 52918, 1004453, 19983, 20253, 61248, 23713]",8
85,https://objectstorage.ap-tokyo-1.oraclecloud.com/ping,134.70.80.3,"[1005958, 52844, 17789]",3
86,https://objectstorage.ca-montreal-1.oraclecloud.com/ping,134.70.116.1,"[1002493, 23016, 51025, 1003040, 50017, 50300, 52422, 55492, 61780, 61631, 61532, 61081, 1004232, 1005302, 61435, 62417, 63017, 61899, 60169, 1003035, 26518]",21
87,https://objectstorage.ca-toronto-1.oraclecloud.com/ping,134.70.72.3,"[1002493, 29049, 23016, 51025, 1003040, 54330, 50017, 50300, 52422, 55492, 61780, 61631, 61532, 61081, 1004232, 1005302, 61435, 62417, 63017, 61899, 60169, 1003035, 26518]",23
88,https://objectstorage.eu-amsterdam-1.oraclecloud.com/ping,134.70.104.1,"[1007500, 11268, 1000559, 1002758, 32378, 53829, 52028, 61316, 18833, 55739, 1006934, 23835, 50927, 16601, 1005913, 1001151, 55404, 1006936, 29292, 50852, 54080, 60345, 32006, 21529, 22585, 1004628, 34009, 1000068, 55619, 1004600, 50612, 27363, 51136, 20102, 24080, 35462, 50705, 1005072, 27411, 34648, 1004198, 26057, 55036, 28126, 50719, 15644, 50081, 53870, 1000234, 25225, 11585, 61241, 1006857, 1005817, 17128, 51475, 26380, 62953, 35681, 20544, 1001356, 1003753, 62843, 54837, 16869, 1004353, 1006388, 1004876, 33242, 16688, 1002403, 60329, 31925, 910, 33915, 1000063, 12832, 27793, 916, 20372, 10928, 53533, 11629, 17950, 54989, 3172, 1005341, 52824, 2374, 29206, 63060, 18396, 11179, 1002482, 54234, 21228, 23232, 54041, 23764, 1000801, 1006118, 34019, 1005823, 11540, 16808, 31924, 4472, 11818, 12162, 1003290, 52752, 1000261, 3019, 28895, 61507, 22424, 1003900, 1000347, 1005796, 52343, 52502, 16100, 10120, 52516, 55007, 13656, 35643, 13444, 52340, 17093, 1003444, 1001142, 55354, 1004789]",134
89,https://objectstorage.eu-madrid-1.oraclecloud.com/ping,134.70.176.1,"[1007500, 11268, 1002758, 32378, 52028, 61316, 18833, 55739, 23835, 1005913, 1001151, 55404, 29292, 50852, 54080, 60345, 32006, 21529, 22585, 1004628, 34009, 1000068, 55619, 1004600, 50612, 51136, 24080, 1005072, 27411, 34648, 55036, 50719, 50081, 53870, 1000234, 61241, 1006857, 1005817, 17128, 51475, 26380, 62953, 35681, 1001356, 1003753, 62843, 54837, 16869, 1004353, 1006388, 1004876, 33242, 1002403, 60329, 31925, 910, 1000063, 27793, 916, 20372, 10928, 53533, 17950, 3172, 1005341, 52824, 2374, 29206, 63060, 18396, 11179, 1002482, 54234, 21228, 23232, 54041, 1006118, 34019, 1005823, 11540, 16808, 31924, 12162, 1003290, 52752, 1000261, 3019, 28895, 61507, 22424, 1003900, 1000347, 1005796, 52343, 16100, 10120, 52516, 55007, 13656, 13444, 52340, 17093, 1003444, 1001142, 55354, 1004789]",106
90,https://objectstorage.eu-marseille-1.oraclecloud.com/ping,134.70.164.1,"[1007500, 11268, 1000559, 1002758, 32378, 53829, 52028, 61316, 18833, 55739, 1006934, 23835, 50927, 16601, 1005913, 1001151, 55404, 29292, 50852, 54080, 60345, 32006, 21529, 22585, 1004628, 34009, 1000068, 55619, 1004600, 50612, 27363, 3028, 51136, 24080, 50705, 1005072, 27411, 34648, 26057, 55036, 28126, 50719, 15644, 1000551, 50081, 53870, 1000234, 25225, 11585, 61241, 1006857, 1005817, 60549, 17128, 51475, 26380, 62953, 35681, 20544, 1001356, 1003753, 62843, 54837, 16869, 1004353, 1006388, 1004876, 33242, 16688, 1002403, 60329, 31925, 910, 33915, 1000063, 27793, 916, 20372, 10928, 53533, 17950, 3172, 1005341, 52824, 2374, 29206, 63060, 18396, 11179, 1002482, 54234, 21228, 23232, 54041, 23764, 1000801, 1006118, 27530, 34019, 1005823, 11540, 16808, 31924, 12162, 1003290, 52752, 1000261, 3019, 28895, 61507, 22424, 1003900, 1000347, 1005796, 52343, 52502, 16100, 10120, 52516, 55007, 13656, 13444, 52340, 17093, 1003444, 1001142, 55354, 1004789]",128
91,https://objectstorage.eu-milan-1.oraclecloud.com/ping,134.70.168.1,"[1007500, 11268, 1000559, 1002758, 32378, 53829, 52028, 61316, 18833, 55739, 1006934, 23835, 50927, 16601, 1005913, 1001151, 55404, 1006936, 29292, 50852, 54080, 60345, 32006, 21529, 22585, 1004628, 34009, 1000068, 55619, 1004600, 50612, 27363, 3028, 51136, 20102, 24080, 35462, 50705, 1005072, 27411, 34648, 26057, 55036, 28126, 50719, 15644, 1000551, 50081, 53870, 1000234, 25225, 11585, 61241, 1006857, 1005817, 60549, 17128, 51475, 26380, 62953, 35681, 20544, 1001356, 1003753, 62843, 54837, 16869, 1004353, 1006388, 1004876, 33242, 16688, 1002403, 60329, 31925, 910, 33915, 1000063, 12832, 27793, 916, 20372, 10928, 53533, 11629, 17950, 54989, 3172, 1005341, 52824, 2374, 29206, 63060, 18396, 11179, 1002482, 54234, 21228, 23232, 54041, 23764, 1000801, 1006118, 27530, 34019, 1005823, 11540, 16808, 31924, 4472, 11818, 12162, 1003290, 52752, 1000261, 3019, 28895, 61507, 22424, 1003900, 1000347, 1005796, 52343, 52502, 16100, 10120, 52516, 55007, 13656, 35643, 13444, 52340, 17093, 1003444, 1001142, 55354, 1004789]",137
92,https://objectstorage.eu-paris-1.oraclecloud.com/ping,134.70.180.1,"[1007500, 11268, 1000559, 1002758, 32378, 53829, 52028, 61316, 18833, 55739, 1006934, 23835, 50927, 16601, 1005913, 1001151, 55404, 29292, 50852, 54080, 60345, 32006, 21529, 22585, 1004628, 34009, 1000068, 55619, 1004600, 50612, 27363, 51136, 20102, 24080, 50705, 1005072, 27411, 34648, 1004198, 26057, 55036, 28126, 50719, 15644, 50081, 53870, 1000234, 25225, 11585, 61241, 1006857, 1005817, 17128, 51475, 26380, 62953, 35681, 20544, 1001356, 1003753, 62843, 54837, 16869, 1004353, 1006388, 1004876, 33242, 16688, 1002403, 60329, 31925, 910, 33915, 1000063, 27793, 916, 20372, 10928, 53533, 17950, 3172, 1005341, 52824, 2374, 29206, 63060, 18396, 11179, 1002482, 54234, 21228, 23232, 54041, 23764, 1000801, 1006118, 34019, 1005823, 11540, 16808, 31924, 12162, 1003290, 52752, 1000261, 3019, 28895, 61507, 22424, 1003900, 1000347, 1005796, 52343, 52502, 16100, 10120, 52516, 55007, 13656, 13444, 52340, 17093, 1003444, 1001142, 55354, 1004789]",126
93,https://objectstorage.eu-stockholm-1.oraclecloud.com/ping,134.70.156.1,"[1007500, 11268, 1000559, 14723, 1002758, 32378, 53829, 52028, 61316, 55739, 1006934, 23835, 50927, 16601, 1005913, 1001151, 55404, 1006936, 29292, 50852, 54080, 60345, 32006, 21529, 22585, 1004628, 34009, 1000068, 55619, 1004600, 50612, 50024, 27363, 51136, 20102, 24080, 35462, 50705, 1005072, 1004198, 26057, 55036, 28126, 50719, 15644, 50081, 53870, 1000234, 25225, 11585, 61241, 1006857, 1005817, 17128, 51475, 26380, 62953, 35681, 20544, 1001356, 1003753, 54837, 16869, 1004353, 1006388, 1004876, 33242, 16688, 55505, 3633, 53915, 60329, 31925, 910, 50915, 33915, 1000063, 12832, 27793, 916, 20372, 17708, 10928, 3639, 3811, 11629, 17950, 1003584, 54989, 3172, 1005341, 27383, 52824, 2374, 29206, 63060, 18396, 11179, 1002482, 54234, 21228, 23232, 54041, 23764, 1000801, 1006118, 34019, 1005823, 1340, 11540, 16808, 1006232, 31924, 4472, 11818, 1003290, 52752, 50520, 1000261, 3019, 28895, 61507, 22424, 1003900, 1005796, 52502, 3253, 10120, 55007, 13656, 35643, 13444, 52340, 17093, 1003444, 20059, 1001142, 55354, 1004789]",139
94,https://objectstorage.eu-zurich-1.oraclecloud.com/ping,134.70.88.3,"[1007500, 11268, 1000559, 1002758, 32378, 53829, 52028, 61316, 18833, 55739, 1006934, 23835, 50927, 16601, 1005913, 1001151, 55404, 1006936, 29292, 50852, 54080, 60345, 32006, 21529, 22585, 1004628, 34009, 1000068, 55619, 1004600, 50612, 27363, 3028, 51136, 20102, 24080, 35462, 50705, 1005072, 27411, 34648, 1004198, 26057, 55036, 28126, 50719, 15644, 1000551, 50081, 53870, 1000234, 25225, 11585, 61241, 1006857, 1005817, 60549, 17128, 51475, 26380, 62953, 35681, 20544, 1001356, 1003753, 62843, 54837, 16869, 1004353, 1006388, 1004876, 33242, 16688, 1002403, 60329, 31925, 910, 33915, 1000063, 12832, 27793, 916, 20372, 10928, 53533, 11629, 17950, 54989, 3172, 1005341, 52824, 2374, 29206, 63060, 18396, 11179, 1002482, 54234, 21228, 23232, 54041, 23764, 1000801, 1006118, 27530, 34019, 1005823, 11540, 16808, 31924, 4472, 11818, 12162, 1003290, 52752, 1000261, 3019, 28895, 61507, 22424, 1003900, 1000347, 1005796, 52343, 52502, 16100, 10120, 52516, 55007, 13656, 35643, 13444, 52340, 17093, 1003444, 1001142, 55354, 1004789]",138
95,https://objectstorage.il-jerusalem-1.oraclecloud.com/ping,134.70.172.1,"[50274, 53569, 1000559, 30596, 16601, 27119, 20948, 3028, 11902, 31159, 28126, 30952, 1000551, 60549, 1000801, 27530]",16
96,https://objectstorage.me-abudhabi-1.oraclecloud.com/ping,134.70.144.1,"[53569, 20948, 31159, 30952]",4
97,https://objectstorage.me-dubai-1.oraclecloud.com/ping,134.70.148.1,"[53569, 20948, 31159, 30952]",4
98,https://objectstorage.me-jeddah-1.oraclecloud.com/ping,134.70.100.3,"[50274, 30596, 27119, 20948, 31159, 30952]",6
99,https://objectstorage.mx-monterrey-1.oraclecloud.com/ping,134.70.200.1,"[32, 29049, 1002591, 1002626, 54330, 18250, 60234, 50448, 28221, 1005302, 61899, 62660, 51636, 61879, 1001360]",15
100,https://objectstorage.mx-queretaro-1.oraclecloud.com/ping,134.70.184.1,"[29049, 1002591, 54330, 18250, 28221, 51636, 61879]",7
101,https://objectstorage.sa-santiago-1.oraclecloud.com/ping,134.70.152.1,[863],1
102,https://objectstorage.sa-saopaulo-1.oraclecloud.com/ping,134.70.84.3,"[24628, 863, 1006110]",3
103,https://objectstorage.sa-vinhedo-1.oraclecloud.com/ping,134.70.140.1,"[24628, 863, 1006110]",3
104,https://objectstorage.uk-cardiff-1.oraclecloud.com/ping,134.70.136.1,"[1007500, 11268, 1002758, 32378, 52028, 61316, 18833, 55739, 1006934, 23835, 50927, 16601, 1005913, 1001151, 55404, 29292, 50852, 54080, 60345, 32006, 21529, 22585, 1004628, 34009, 1000068, 55619, 1004600, 50612, 27363, 51136, 20102, 24080, 50705, 1005072, 27411, 34648, 1004198, 26057, 55036, 50719, 15644, 50081, 53870, 1000234, 25225, 11585, 61241, 1006857, 1005817, 17128, 51475, 26380, 62953, 35681, 20544, 1001356, 1003753, 62843, 54837, 16869, 1004353, 1006388, 1004876, 33242, 16688, 1002403, 60329, 31925, 910, 33915, 1000063, 27793, 916, 20372, 10928, 53533, 17950, 3172, 1005341, 52824, 2374, 29206, 63060, 18396, 11179, 1002482, 54234, 21228, 23232, 54041, 23764, 1006118, 34019, 1005823, 11540, 16808, 31924, 12162, 1003290, 52752, 1000261, 3019, 28895, 61507, 22424, 1003900, 1000347, 1005796, 52343, 52502, 16100, 10120, 52516, 55007, 13656, 13444, 52340, 17093, 1003444, 1001142, 55354, 1004789]",122
105,https://objectstorage.uk-london-1.oraclecloud.com/ping,134.70.64.1,"[1007500, 11268, 1002758, 32378, 52028, 61316, 18833, 55739, 1006934, 23835, 50927, 16601, 1005913, 1001151, 55404, 29292, 50852, 54080, 60345, 32006, 21529, 22585, 1004628, 34009, 1000068, 55619, 1004600, 50612, 27363, 51136, 20102, 24080, 50705, 1005072, 27411, 34648, 1004198, 26057, 55036, 50719, 15644, 50081, 53870, 1000234, 25225, 11585, 61241, 1006857, 1005817, 17128, 51475, 26380, 62953, 35681, 20544, 1001356, 1003753, 62843, 54837, 16869, 1004353, 1006388, 1004876, 33242, 16688, 1002403, 60329, 31925, 910, 33915, 1000063, 27793, 916, 20372, 10928, 53533, 17950, 3172, 1005341, 52824, 2374, 29206, 63060, 18396, 11179, 1002482, 54234, 21228, 23232, 54041, 23764, 1006118, 34019, 1005823, 11540, 16808, 31924, 12162, 1003290, 52752, 1000261, 3019, 28895, 61507, 22424, 1003900, 1000347, 1005796, 52343, 52502, 16100, 10120, 52516, 55007, 13656, 13444, 52340, 17093, 1003444, 1001142, 55354, 1004789]",122
106,https://objectstorage.us-ashburn-1.oraclecloud.com/ping,134.70.32.1,"[1002768, 1002493, 32, 29049, 23016, 24908, 51025, 1002591, 1003040, 61868, 1002626, 54330, 23127, 50017, 60234, 52422, 50448, 61780, 60929, 61631, 62083, 61532, 62911, 62498, 61081, 1004232, 28221, 1005302, 10743, 61435, 62417, 63017, 61899, 60169, 12721, 15133, 62660, 1003035, 3671, 60259, 26518, 51636, 61879, 1001360]",44
107,https://objectstorage.us-chicago-1.oraclecloud.com/ping,134.70.192.1,"[1002768, 1002493, 32, 29049, 23016, 24908, 51025, 1002591, 1003040, 61868, 1002626, 54330, 23127, 50017, 60234, 52422, 50448, 61780, 60929, 61631, 62083, 61532, 62911, 62498, 61081, 1004232, 28221, 1005302, 10743, 61435, 62417, 63017, 61899, 60169, 12721, 15133, 62660, 1003035, 3671, 60259, 26518, 51636, 61879, 1001360]",44
108,https://objectstorage.us-phoenix-1.oraclecloud.com/ping,134.70.8.1,"[1002768, 1002493, 32, 29049, 24908, 51025, 1002591, 1003040, 61868, 1002626, 54330, 23127, 50017, 60234, 52422, 50448, 61780, 60929, 62083, 61532, 62911, 62498, 61081, 1004232, 28221, 1005302, 10743, 62417, 63017, 61899, 60169, 12721, 15133, 62660, 1003035, 3671, 60259, 26518, 51636, 61879, 1001360]",41
109,https://objectstorage.us-sanjose-1.oraclecloud.com/ping,134.70.124.2,"[1002768, 1002493, 32, 29049, 24908, 51025, 1002591, 1003040, 61868, 1002626, 54330, 23127, 50017, 60234, 52422, 50448, 55492, 61780, 60929, 62083, 61532, 62911, 62498, 61081, 1004232, 28221, 1005302, 10743, 62417, 63017, 61899, 60169, 12721, 15133, 62660, 1003035, 3671, 60259, 26518, 51636, 61879, 1001360]",42
110,https://par-fr-ping.vultr.com,108.61.209.127,"[1007500, 11268, 1000559, 1002758, 32378, 53829, 52028, 61316, 18833, 55739, 1006934, 23835, 50927, 16601, 1005913, 1001151, 55404, 29292, 50852, 54080, 60345, 32006, 21529, 22585, 1004628, 34009, 1000068, 55619, 1004600, 50612, 27363, 51136, 20102, 24080, 50705, 1005072, 27411, 34648, 1004198, 26057, 55036, 28126, 50719, 15644, 50081, 53870, 1000234, 25225, 11585, 61241, 1006857, 1005817, 17128, 51475, 26380, 62953, 35681, 20544, 1001356, 1003753, 62843, 54837, 16869, 1004353, 1006388, 1004876, 33242, 16688, 1002403, 60329, 31925, 910, 33915, 1000063, 27793, 916, 20372, 10928, 53533, 17950, 3172, 1005341, 52824, 2374, 29206, 63060, 18396, 11179, 1002482, 54234, 21228, 23232, 54041, 23764, 1000801, 1006118, 34019, 1005823, 11540, 16808, 31924, 12162, 1003290, 52752, 1000261, 3019, 28895, 61507, 22424, 1003900, 1000347, 1005796, 52343, 52502, 16100, 10120, 52516, 55007, 13656, 13444, 52340, 17093, 1003444, 1001142, 55354, 1004789]",126
111,https://sao-br-ping.vultr.com,216.238.98.118,"[24628, 863, 1006110]",3
112,https://sel-kor-ping.vultr.com,141.164.34.61,"[1005958, 52844, 17789, 54789]",4
113,https://sgp-ping.vultr.com,45.32.100.168,"[35507, 54524, 1005856]",3
114,https://sjo-ca-us-ping.vultr.com,104.156.230.107,"[1002768, 1002493, 32, 29049, 24908, 51025, 1002591, 1003040, 61868, 1002626, 54330, 23127, 50017, 60234, 52422, 50448, 55492, 61780, 60929, 62083, 61532, 62911, 62498, 61081, 1004232, 28221, 1005302, 10743, 62417, 63017, 61899, 60169, 12721, 15133, 62660, 1003035, 3671, 60259, 26518, 51636, 61879, 1001360]",42
115,https://speedtest.atlanta.linode.com/,192.155.94.157,"[1002768, 1002493, 32, 29049, 23016, 24908, 51025, 1002591, 1003040, 61868, 1002626, 54330, 23127, 50017, 60234, 52422, 50448, 61780, 60929, 61631, 62083, 61532, 62911, 62498, 61081, 1004232, 28221, 1005302, 10743, 61435, 62417, 63017, 61899, 60169, 12721, 15133, 62660, 1003035, 3671, 60259, 26518, 51636, 61879, 1001360]",44
116,https://speedtest.dallas.linode.com/,50.116.25.154,"[1002768, 1002493, 32, 29049, 24908, 51025, 1002591, 1003040, 61868, 1002626, 54330, 23127, 50017, 60234, 52422, 50448, 61780, 60929, 62083, 61532, 62911, 62498, 61081, 1004232, 28221, 1005302, 10743, 62417, 63017, 61899, 60169, 12721, 15133, 62660, 1003035, 3671, 60259, 26518, 51636, 61879, 1001360]",41
117,https://speedtest.frankfurt.linode.com/,139.162.130.8,"[1007500, 11268, 1000559, 1002758, 32378, 53829, 52028, 61316, 18833, 55739, 1006934, 23835, 50927, 16601, 1005913, 1001151, 55404, 1006936, 29292, 50852, 54080, 60345, 32006, 21529, 22585, 1004628, 34009, 1000068, 55619, 1004600, 50612, 27363, 3028, 51136, 20102, 24080, 35462, 50705, 1005072, 27411, 34648, 1004198, 26057, 55036, 28126, 50719, 15644, 1000551, 50081, 53870, 1000234, 25225, 11585, 61241, 1006857, 1005817, 17128, 51475, 26380, 62953, 35681, 20544, 1001356, 1003753, 62843, 54837, 16869, 1004353, 1006388, 1004876, 33242, 16688, 1002403, 60329, 31925, 910, 33915, 1000063, 12832, 27793, 916, 20372, 10928, 53533, 11629, 17950, 54989, 3172, 1005341, 52824, 2374, 29206, 63060, 18396, 11179, 1002482, 54234, 21228, 23232, 54041, 23764, 1000801, 1006118, 27530, 34019, 1005823, 11540, 16808, 31924, 4472, 11818, 12162, 1003290, 52752, 1000261, 3019, 28895, 61507, 22424, 1003900, 1000347, 1005796, 52343, 52502, 16100, 10120, 52516, 55007, 13656, 35643, 13444, 52340, 17093, 1003444, 1001142, 55354, 1004789]",137
118,https://speedtest.fremont.linode.com/,50.116.14.9,"[1002768, 1002493, 32, 29049, 24908, 51025, 1002591, 1003040, 61868, 1002626, 54330, 23127, 50017, 60234, 52422, 50448, 55492, 61780, 60929, 62083, 61532, 62911, 62498, 61081, 1004232, 28221, 1005302, 10743, 62417, 63017, 61899, 60169, 12721, 15133, 62660, 1003035, 3671, 60259, 26518, 51636, 61879, 1001360]",42
119,https://speedtest.london.linode.com/,176.58.107.39,"[1007500, 11268, 1002758, 32378, 52028, 61316, 18833, 55739, 1006934, 23835, 50927, 16601, 1005913, 1001151, 55404, 29292, 50852, 54080, 60345, 32006, 21529, 22585, 1004628, 34009, 1000068, 55619, 1004600, 50612, 27363, 51136, 20102, 24080, 50705, 1005072, 27411, 34648, 1004198, 26057, 55036, 50719, 15644, 50081, 53870, 1000234, 25225, 11585, 61241, 1006857, 1005817, 17128, 51475, 26380, 62953, 35681, 20544, 1001356, 1003753, 62843, 54837, 16869, 1004353, 1006388, 1004876, 33242, 16688, 1002403, 60329, 31925, 910, 33915, 1000063, 27793, 916, 20372, 10928, 53533, 17950, 3172, 1005341, 52824, 2374, 29206, 63060, 18396, 11179, 1002482, 54234, 21228, 23232, 54041, 23764, 1006118, 34019, 1005823, 11540, 16808, 31924, 12162, 1003290, 52752, 1000261, 3019, 28895, 61507, 22424, 1003900, 1000347, 1005796, 52343, 52502, 16100, 10120, 52516, 55007, 13656, 13444, 52340, 17093, 1003444, 1001142, 55354, 1004789]",122
120,https://speedtest.mumbai1.linode.com/,172.105.33.31,"[1006833, 17590]",2
121,https://speedtest.newark.linode.com/,50.116.57.237,"[1002768, 1002493, 32, 29049, 23016, 24908, 51025, 1002591, 1003040, 61868, 1002626, 54330, 23127, 50017, 60234, 52422, 50448, 61780, 60929, 61631, 62083, 61532, 62911, 62498, 61081, 1004232, 28221, 1005302, 10743, 61435, 62417, 63017, 61899, 60169, 12721, 15133, 62660, 1003035, 3671, 60259, 26518, 51636, 61879, 1001360]",44
122,https://speedtest.singapore.linode.com/,139.162.23.4,"[35507, 54524, 1005856]",3
123,https://speedtest.syd1.linode.com/,172.105.174.7,"[1001185, 27989, 52918, 1004453, 19983, 20253, 61248, 23713]",8
124,https://speedtest.tokyo2.linode.com/,139.162.65.37,"[1005958, 52844, 17789]",3
125,https://speedtest.toronto1.linode.com/,172.105.30.21,"[1002493, 29049, 23016, 51025, 1003040, 54330, 50017, 50300, 52422, 55492, 61780, 61631, 61532, 61081, 1004232, 1005302, 61435, 62417, 63017, 61899, 60169, 1003035, 26518]",23
126,https://sto-se-ping.vultr.com,70.34.194.86,"[1007500, 11268, 1000559, 14723, 1002758, 32378, 53829, 52028, 61316, 55739, 1006934, 23835, 50927, 16601, 1005913, 1001151, 55404, 1006936, 29292, 50852, 54080, 60345, 32006, 21529, 22585, 1004628, 34009, 1000068, 55619, 1004600, 50612, 50024, 27363, 51136, 20102, 24080, 35462, 50705, 1005072, 1004198, 26057, 55036, 28126, 50719, 15644, 50081, 53870, 1000234, 25225, 11585, 61241, 1006857, 1005817, 17128, 51475, 26380, 62953, 35681, 20544, 1001356, 1003753, 16869, 1004353, 1006388, 1004876, 33242, 16688, 55505, 3633, 53915, 60329, 31925, 910, 50915, 33915, 1000063, 12832, 27793, 916, 20372, 17708, 10928, 3639, 3811, 11629, 17950, 1003584, 54989, 3172, 1005341, 27383, 52824, 2374, 29206, 63060, 18396, 11179, 1002482, 54234, 21228, 23232, 54041, 23764, 1000801, 1006118, 34019, 1005823, 1340, 11540, 16808, 1006232, 31924, 4472, 11818, 1003290, 52752, 50520, 1000261, 3019, 28895, 61507, 22424, 1003900, 1005796, 52502, 3253, 10120, 55007, 13656, 35643, 13444, 52340, 17093, 1003444, 20059, 1001142, 55354, 1004789]",138
127,https://syd-au-ping.vultr.com,108.61.212.117,"[1001185, 27989, 52918, 1004453, 19983, 20253, 61248, 23713]",8
128,https://tor-ca-ping.vultr.com,149.248.50.81,"[1002493, 29049, 23016, 51025, 1003040, 54330, 50017, 50300, 52422, 55492, 61780, 61631, 61532, 61081, 1004232, 1005302, 61435, 62417, 63017, 61899, 60169, 1003035, 26518]",23
129,https://tx-us-ping.vultr.com,108.61.224.175,"[1002768, 1002493, 32, 29049, 24908, 51025, 1002591, 1003040, 61868, 1002626, 54330, 23127, 50017, 60234, 52422, 50448, 61780, 60929, 62083, 61532, 62911, 62498, 61081, 1004232, 28221, 1005302, 10743, 62417, 63017, 61899, 60169, 12721, 15133, 62660, 1003035, 3671, 60259, 26518, 51636, 61879, 1001360]",41
130,https://wa-us-ping.vultr.com,108.61.194.105,"[1002768, 1002493, 32, 29049, 24908, 51025, 1002591, 1003040, 61868, 1002626, 54330, 23127, 50017, 60234, 52422, 50448, 55492, 61780, 60929, 62083, 61532, 62911, 62498, 61081, 1004232, 28221, 1005302, 10743, 62417, 63017, 61899, 60169, 12721, 15133, 62660, 1003035, 3671, 60259, 26518, 51636, 61879, 1001360]",42
131,https://waw-pl-ping.vultr.com,70.34.242.24,"[1007500, 11268, 1000559, 14723, 1002758, 32378, 53829, 52028, 61316, 55739, 1006934, 23835, 50927, 16601, 1005913, 1001151, 55404, 1006936, 29292, 50852, 54080, 60345, 32006, 21529, 22585, 1004628, 34009, 1000068, 55619, 1004600, 50612, 50024, 27363, 3028, 51136, 20102, 24080, 35462, 50705, 1005072, 27411, 1004198, 26057, 55036, 28126, 50719, 15644, 1000551, 50081, 53870, 1000234, 25225, 11585, 61241, 1006857, 1005817, 60549, 17128, 51475, 26380, 62953, 35681, 20544, 1001356, 1003753, 62843, 54837, 16869, 1004353, 1006388, 1004876, 33242, 16688, 55505, 3633, 53915, 60329, 31925, 910, 50915, 33915, 1000063, 12832, 27793, 916, 20372, 17708, 10928, 3639, 3811, 11629, 17950, 1003584, 54989, 3172, 1005341, 27383, 52824, 2374, 29206, 63060, 18396, 11179, 1002482, 54234, 21228, 23232, 54041, 23764, 1000801, 1006118, 27530, 34019, 1005823, 1340, 11540, 16808, 1006232, 31924, 4472, 11818, 1003290, 52752, 50520, 1000261, 3019, 28895, 61507, 22424, 1003900, 1005796, 52502, 3253, 10120, 55007, 13656, 35643, 13444, 52340, 17093, 1003444, 20059, 1001142, 55354, 1004789]",145
